<?xml version="1.0" encoding="UTF-8"?>

<!-- generated on 2025-03-17 16:24:03 by Eclipse SUMO netedit Version 1.21.0
<neteditConfiguration xmlns:xsi="http://www.w3.org/2001/XMLSchema-instance" xsi:noNamespaceSchemaLocation="http://sumo.dlr.de/xsd/neteditConfiguration.xsd">

    <input>
        <route-files value="/home/tiagopr/NamoradaLinda/NPR/eclipse-mosaic-24.1/scenarios/Monza/sumo/monza.rou.xml"/>
        <sumo-net-file value="/home/tiagopr/NamoradaLinda/NPR/eclipse-mosaic-24.1/scenarios/Monza/sumo/monza.net.xml"/>
    </input>

    <output>
        <output-file value="/home/tiagopr/NamoradaLinda/NPR/eclipse-mosaic-24.1/scenarios/Monza/sumo/monza.net.xml"/>
    </output>

    <processing>
        <geometry.min-radius.fix.railways value="false"/>
        <geometry.max-grade.fix value="false"/>
        <offset.disable-normalization value="true"/>
        <lefthand value="0"/>
    </processing>

    <junctions>
        <no-turnarounds value="true"/>
        <junctions.corner-detail value="5"/>
        <junctions.limit-turn-speed value="5.50"/>
        <rectangular-lane-cut value="0"/>
    </junctions>

    <pedestrian>
        <walkingareas value="0"/>
    </pedestrian>

</neteditConfiguration>
-->

<net version="1.20" junctionCornerDetail="5" limitTurnSpeed="5.50" xmlns:xsi="http://www.w3.org/2001/XMLSchema-instance" xsi:noNamespaceSchemaLocation="http://sumo.dlr.de/xsd/net_file.xsd">

    <location netOffset="-522290.86,-5052119.36" convBoundary="-100.00,-500.00,1700.00,300.00" origBoundary="522290.863000,5052119.358000,522290.863000,5052119.358000" projParameter="+proj=utm +zone=32 +ellps=WGS84 +datum=WGS84 +units=m +no_defs"/>

    <edge id=":J0_0" function="internal">
        <lane id=":J0_0_0" index="0" speed="19.16" length="3.04" shape="1.02,4.80 -0.03,4.79 -0.75,4.73 -1.46,4.56 -2.46,4.25"/>
        <lane id=":J0_0_1" index="1" speed="16.23" length="3.04" shape="1.02,1.60 0.27,1.59 -0.25,1.55 -0.75,1.43 -1.46,1.20"/>
    </edge>
    <edge id=":J0_2" function="internal">
        <lane id=":J0_2_0" index="0" speed="40.00" length="1.01" shape="0.52,-4.88 0.66,-4.83 0.77,-4.81 0.87,-4.80 1.02,-4.80"/>
        <lane id=":J0_2_1" index="1" speed="12.64" length="1.01" shape="-0.47,-1.84 -0.04,-1.70 0.26,-1.63 0.57,-1.60 1.02,-1.60"/>
    </edge>
    <edge id=":J1_0" function="internal">
        <lane id=":J1_0_0" index="0" speed="40.00" length="1.09" shape="500.90,4.73 500.53,4.77 500.27,4.79 500.01,4.80 499.64,4.80"/>
        <lane id=":J1_0_1" index="1" speed="40.00" length="1.09" shape="500.54,1.55 500.27,1.58 500.09,1.59 499.91,1.60 499.64,1.60"/>
    </edge>
    <edge id=":J1_2" function="internal">
        <lane id=":J1_2_0" index="0" speed="40.00" length="0.36" shape="499.64,-4.80 499.69,-4.80 499.73,-4.80 499.76,-4.80 499.82,-4.81"/>
        <lane id=":J1_2_1" index="1" speed="40.00" length="0.36" shape="499.64,-1.60 499.80,-1.60 499.91,-1.60 500.02,-1.61 500.18,-1.63"/>
    </edge>
    <edge id=":J11_0" function="internal">
        <lane id=":J11_0_0" index="0" speed="40.00" length="0.10" shape="603.39,-396.61 603.39,-396.61"/>
        <lane id=":J11_0_1" index="1" speed="40.00" length="0.10" shape="601.13,-398.87 601.13,-398.87"/>
    </edge>
    <edge id=":J11_2" function="internal">
        <lane id=":J11_2_0" index="0" speed="40.00" length="0.10" shape="596.61,-403.39 596.61,-403.39"/>
        <lane id=":J11_2_1" index="1" speed="40.00" length="0.10" shape="598.87,-401.13 598.87,-401.13"/>
    </edge>
    <edge id=":J12_0" function="internal">
        <lane id=":J12_0_0" index="0" speed="4.20" length="1.26" shape="702.65,-495.20 702.33,-495.17 702.04,-495.08 701.77,-494.94 701.52,-494.73"/>
        <lane id=":J12_0_1" index="1" speed="6.63" length="3.77" shape="702.65,-498.40 701.69,-498.31 700.81,-498.05 700.00,-497.61 699.26,-496.99"/>
    </edge>
    <edge id=":J12_2" function="internal">
        <lane id=":J12_2_0" index="0" speed="9.84" length="8.80" shape="694.73,-501.52 696.46,-502.95 698.35,-503.98 700.42,-504.59 702.65,-504.80"/>
        <lane id=":J12_2_1" index="1" speed="8.39" length="6.28" shape="696.99,-499.26 698.23,-500.28 699.58,-501.01 701.05,-501.45 702.65,-501.60"/>
    </edge>
    <edge id=":J13_0" function="internal">
        <lane id=":J13_0_0" index="0" speed="40.00" length="0.11" shape="799.92,-495.20 799.88,-495.20"/>
        <lane id=":J13_0_1" index="1" speed="40.00" length="0.11" shape="800.06,-498.40 799.88,-498.40"/>
    </edge>
    <edge id=":J13_2" function="internal">
        <lane id=":J13_2_0" index="0" speed="40.00" length="0.38" shape="799.88,-504.80 800.33,-504.79"/>
        <lane id=":J13_2_1" index="1" speed="40.00" length="0.38" shape="799.88,-501.60 800.19,-501.59"/>
    </edge>
    <edge id=":J14_0" function="internal">
        <lane id=":J14_0_0" index="0" speed="40.00" length="0.85" shape="895.20,-399.15 895.20,-399.27 895.19,-399.36 895.18,-399.44 895.14,-399.57"/>
        <lane id=":J14_0_1" index="1" speed="40.00" length="0.85" shape="898.40,-399.15 898.40,-399.52 898.38,-399.78 898.33,-400.04 898.23,-400.40"/>
    </edge>
    <edge id=":J14_2" function="internal">
        <lane id=":J14_2_0" index="0" speed="40.00" length="2.55" shape="904.41,-402.08 904.63,-401.23 904.75,-400.63 904.79,-400.03 904.80,-399.15"/>
        <lane id=":J14_2_1" index="1" speed="40.00" length="2.55" shape="901.32,-401.24 901.48,-400.63 901.56,-400.21 901.60,-399.78 901.60,-399.15"/>
    </edge>
    <edge id=":J15_0" function="internal">
        <lane id=":J15_0_0" index="0" speed="5.55" length="10.93" shape="895.20,-255.76 894.86,-259.28 893.83,-260.64 892.11,-259.84 889.70,-256.90"/>
    </edge>
    <edge id=":J15_1" function="internal">
        <lane id=":J15_1_0" index="0" speed="40.00" length="49.04" shape="895.20,-255.76 895.20,-304.81"/>
        <lane id=":J15_1_1" index="1" speed="40.00" length="49.04" shape="898.40,-255.76 898.40,-304.81"/>
    </edge>
    <edge id=":J15_3" function="internal">
        <lane id=":J15_3_0" index="0" speed="40.00" length="49.04" shape="904.80,-304.81 904.80,-255.76"/>
        <lane id=":J15_3_1" index="1" speed="40.00" length="49.04" shape="901.60,-304.81 901.60,-255.76"/>
    </edge>
    <edge id=":J15_5" function="internal">
        <lane id=":J15_5_0" index="0" speed="28.53" length="4.74" shape="901.60,-304.81 900.89,-300.12"/>
    </edge>
    <edge id=":J15_9" function="internal">
        <lane id=":J15_9_0" index="0" speed="28.53" length="44.97" shape="900.89,-300.12 900.02,-294.40 896.13,-280.64 891.18,-267.20 886.43,-257.77"/>
    </edge>
    <edge id=":J15_6" function="internal">
        <lane id=":J15_6_0" index="0" speed="28.07" length="48.50" shape="879.87,-259.52 884.64,-268.67 889.65,-281.51 893.60,-294.67 895.20,-304.81"/>
        <lane id=":J15_6_1" index="1" speed="28.30" length="48.50" shape="883.15,-258.65 887.91,-267.94 892.89,-281.07 896.81,-294.54 898.40,-304.81"/>
    </edge>
    <edge id=":J15_8" function="internal">
        <lane id=":J15_8_0" index="0" speed="8.07" length="25.17" shape="883.15,-258.65 888.50,-263.27 894.57,-264.31 899.54,-261.80 901.60,-255.76"/>
    </edge>
    <edge id=":J16_0" function="internal">
        <lane id=":J16_0_0" index="0" speed="10.71" length="5.84" shape="795.20,-198.02 795.24,-200.02 795.48,-201.40 796.07,-202.67 797.16,-204.35"/>
        <lane id=":J16_0_1" index="1" speed="9.12" length="5.84" shape="798.40,-198.02 798.43,-199.45 798.60,-200.43 799.02,-201.34 799.80,-202.54"/>
    </edge>
    <edge id=":J16_2" function="internal">
        <lane id=":J16_2_0" index="0" speed="40.00" length="1.95" shape="805.08,-198.92 804.92,-198.68 804.84,-198.50 804.81,-198.30 804.80,-198.02"/>
        <lane id=":J16_2_1" index="1" speed="7.19" length="1.95" shape="802.44,-200.73 801.97,-200.01 801.72,-199.47 801.62,-198.87 801.60,-198.02"/>
    </edge>
    <edge id=":J17_0" function="internal">
        <lane id=":J17_0_0" index="0" speed="40.00" length="0.50" shape="804.80,-100.17 804.78,-99.58"/>
        <lane id=":J17_0_1" index="1" speed="40.00" length="0.50" shape="801.60,-100.17 801.59,-99.75"/>
    </edge>
    <edge id=":J17_2" function="internal">
        <lane id=":J17_2_0" index="0" speed="40.00" length="0.17" shape="795.20,-100.08 795.20,-100.17"/>
        <lane id=":J17_2_1" index="1" speed="40.00" length="0.17" shape="798.39,-99.92 798.40,-100.17"/>
    </edge>
    <edge id=":J18_0" function="internal">
        <lane id=":J18_0_0" index="0" speed="40.00" length="0.85" shape="700.71,4.76 700.42,4.78 700.21,4.79 700.01,4.80 699.72,4.80"/>
        <lane id=":J18_0_1" index="1" speed="40.00" length="0.85" shape="700.43,1.57 700.22,1.59 700.07,1.60 699.93,1.60 699.72,1.60"/>
    </edge>
    <edge id=":J18_2" function="internal">
        <lane id=":J18_2_0" index="0" speed="40.00" length="0.28" shape="699.72,-4.80 699.76,-4.80 699.79,-4.80 699.82,-4.80 699.86,-4.81"/>
        <lane id=":J18_2_1" index="1" speed="40.00" length="0.28" shape="699.72,-1.60 699.84,-1.60 699.93,-1.60 700.02,-1.61 700.14,-1.62"/>
    </edge>
    <edge id=":J19_0" function="internal">
        <lane id=":J19_0_0" index="0" speed="16.71" length="3.26" shape="601.09,4.80 599.97,4.79 599.20,4.72 598.44,4.53 597.38,4.17"/>
        <lane id=":J19_0_1" index="1" speed="14.17" length="3.26" shape="601.09,1.60 600.29,1.59 599.74,1.54 599.20,1.41 598.44,1.15"/>
    </edge>
    <edge id=":J19_2" function="internal">
        <lane id=":J19_2_0" index="0" speed="40.00" length="1.09" shape="600.56,-4.89 600.71,-4.84 600.82,-4.81 600.93,-4.80 601.09,-4.80"/>
        <lane id=":J19_2_1" index="1" speed="11.05" length="1.09" shape="599.50,-1.87 599.96,-1.72 600.28,-1.64 600.61,-1.60 601.09,-1.60"/>
    </edge>
    <edge id=":J21_0" function="internal">
        <lane id=":J21_0_0" index="0" speed="40.00" length="20.80" shape="695.20,-89.60 695.20,-110.40"/>
        <lane id=":J21_0_1" index="1" speed="40.00" length="20.80" shape="698.40,-89.60 698.40,-110.40"/>
    </edge>
    <edge id=":J21_2" function="internal">
        <lane id=":J21_2_0" index="0" speed="9.26" length="5.01" shape="698.40,-89.60 699.11,-94.56"/>
    </edge>
    <edge id=":J21_8" function="internal">
        <lane id=":J21_8_0" index="0" speed="9.26" length="14.34" shape="699.11,-94.56 699.15,-94.85 701.40,-98.60 705.15,-100.85 710.40,-101.60"/>
    </edge>
    <edge id=":J21_3" function="internal">
        <lane id=":J21_3_0" index="0" speed="6.51" length="9.03" shape="710.40,-95.20 707.95,-94.85 706.20,-93.80 705.15,-92.05 704.80,-89.60"/>
    </edge>
    <edge id=":J21_4" function="internal">
        <lane id=":J21_4_0" index="0" speed="9.26" length="19.35" shape="710.40,-98.40 705.15,-99.15 701.40,-101.40 699.15,-105.15 698.40,-110.40"/>
    </edge>
    <edge id=":J21_5" function="internal">
        <lane id=":J21_5_0" index="0" speed="6.51" length="9.03" shape="704.80,-110.40 705.15,-107.95 706.20,-106.20 707.95,-105.15 710.40,-104.80"/>
    </edge>
    <edge id=":J21_6" function="internal">
        <lane id=":J21_6_0" index="0" speed="40.00" length="20.80" shape="704.80,-110.40 704.80,-89.60"/>
        <lane id=":J21_6_1" index="1" speed="40.00" length="20.80" shape="701.60,-110.40 701.60,-89.60"/>
    </edge>
    <edge id=":J22_0" function="internal">
        <lane id=":J22_0_0" index="0" speed="40.00" length="20.80" shape="1110.40,-95.20 1089.60,-95.20"/>
        <lane id=":J22_0_1" index="1" speed="40.00" length="20.80" shape="1110.40,-98.40 1089.60,-98.40"/>
    </edge>
    <edge id=":J22_2" function="internal">
        <lane id=":J22_2_0" index="0" speed="9.26" length="5.01" shape="1110.40,-98.40 1105.44,-99.11"/>
    </edge>
    <edge id=":J22_8" function="internal">
        <lane id=":J22_8_0" index="0" speed="9.26" length="14.34" shape="1105.44,-99.11 1105.15,-99.15 1101.40,-101.40 1099.15,-105.15 1098.40,-110.40"/>
    </edge>
    <edge id=":J22_3" function="internal">
        <lane id=":J22_3_0" index="0" speed="6.51" length="9.03" shape="1104.80,-110.40 1105.15,-107.95 1106.20,-106.20 1107.95,-105.15 1110.40,-104.80"/>
    </edge>
    <edge id=":J22_4" function="internal">
        <lane id=":J22_4_0" index="0" speed="9.26" length="19.35" shape="1101.60,-110.40 1100.85,-105.15 1098.60,-101.40 1094.85,-99.15 1089.60,-98.40"/>
    </edge>
    <edge id=":J22_5" function="internal">
        <lane id=":J22_5_0" index="0" speed="6.51" length="9.03" shape="1089.60,-104.80 1092.05,-105.15 1093.80,-106.20 1094.85,-107.95 1095.20,-110.40"/>
    </edge>
    <edge id=":J22_6" function="internal">
        <lane id=":J22_6_0" index="0" speed="40.00" length="20.80" shape="1089.60,-104.80 1110.40,-104.80"/>
        <lane id=":J22_6_1" index="1" speed="40.00" length="20.80" shape="1089.60,-101.60 1110.40,-101.60"/>
    </edge>
    <edge id=":J32_0" function="internal">
        <lane id=":J32_0_0" index="0" speed="8.96" length="18.06" shape="906.40,304.80 901.50,304.10 898.00,302.00 895.90,298.50 895.20,293.60"/>
        <lane id=":J32_0_1" index="1" speed="7.66" length="12.90" shape="906.40,301.60 902.90,301.10 900.40,299.60 898.90,297.10 898.40,293.60"/>
    </edge>
    <edge id=":J32_2" function="internal">
        <lane id=":J32_2_0" index="0" speed="3.90" length="2.58" shape="904.80,293.60 904.90,294.30 905.20,294.80 905.70,295.10 906.40,295.20"/>
        <lane id=":J32_2_1" index="1" speed="6.08" length="7.74" shape="901.60,293.60 901.90,295.70 902.80,297.20 904.30,298.10 906.40,298.40"/>
    </edge>
    <edge id=":J34_0" function="internal">
        <lane id=":J34_0_0" index="0" speed="40.00" length="23.11" shape="1105.71,212.50 1101.16,207.90 1097.61,204.04 1094.35,199.94 1090.65,194.63"/>
        <lane id=":J34_0_1" index="1" speed="40.00" length="23.11" shape="1107.98,210.24 1103.48,205.71 1100.07,202.02 1096.95,198.09 1093.32,192.86"/>
    </edge>
    <edge id=":J34_2" function="internal">
        <lane id=":J34_2_0" index="0" speed="8.88" length="5.13" shape="1107.98,210.24 1104.89,206.14"/>
    </edge>
    <edge id=":J34_8" function="internal">
        <lane id=":J34_8_0" index="0" speed="8.88" length="16.96" shape="1104.89,206.14 1104.15,205.15 1103.34,200.54 1105.56,196.43 1110.80,192.81"/>
    </edge>
    <edge id=":J34_3" function="internal">
        <lane id=":J34_3_0" index="0" speed="5.92" length="9.10" shape="1113.67,198.53 1111.51,200.03 1110.59,201.72 1110.92,203.62 1112.50,205.71"/>
    </edge>
    <edge id=":J34_4" function="internal">
        <lane id=":J34_4_0" index="0" speed="10.14" length="21.19" shape="1112.24,195.67 1106.26,197.89 1101.11,198.16 1096.80,196.49 1093.32,192.86"/>
    </edge>
    <edge id=":J34_5" function="internal">
        <lane id=":J34_5_0" index="0" speed="7.70" length="11.81" shape="1098.64,189.31 1100.44,191.04 1102.83,191.72 1105.80,191.36 1109.37,189.95"/>
    </edge>
    <edge id=":J34_6" function="internal">
        <lane id=":J34_6_0" index="0" speed="40.00" length="21.85" shape="1098.64,189.31 1102.15,194.39 1105.00,197.98 1108.13,201.34 1112.50,205.71"/>
        <lane id=":J34_6_1" index="1" speed="40.00" length="21.85" shape="1095.98,191.08 1099.55,196.24 1102.54,200.00 1105.81,203.52 1110.24,207.98"/>
    </edge>
    <edge id=":J35_0" function="internal">
        <lane id=":J35_0_0" index="0" speed="9.00" length="22.73" shape="695.20,-391.12 696.12,-397.61 698.89,-401.55 703.49,-402.92 709.94,-401.75"/>
        <lane id=":J35_0_1" index="1" speed="7.69" length="16.24" shape="698.40,-391.12 699.06,-395.76 701.03,-398.57 704.32,-399.55 708.93,-398.71"/>
    </edge>
    <edge id=":J35_2" function="internal">
        <lane id=":J35_2_0" index="0" speed="3.92" length="3.25" shape="706.91,-392.64 705.98,-392.81 705.33,-392.61 704.93,-392.05 704.80,-391.12"/>
        <lane id=":J35_2_1" index="1" speed="6.10" length="9.74" shape="707.92,-395.67 705.15,-396.18 703.18,-395.59 701.99,-393.90 701.60,-391.12"/>
    </edge>
    <edge id=":J38_0" function="internal">
        <lane id=":J38_0_0" index="0" speed="40.00" length="1.01" shape="1599.48,-95.12 1599.34,-95.17 1599.24,-95.19 1599.13,-95.20 1598.98,-95.20"/>
        <lane id=":J38_0_1" index="1" speed="12.69" length="1.01" shape="1600.47,-98.16 1600.04,-98.30 1599.74,-98.37 1599.43,-98.40 1598.98,-98.40"/>
    </edge>
    <edge id=":J38_2" function="internal">
        <lane id=":J38_2_0" index="0" speed="19.23" length="3.04" shape="1598.98,-104.80 1600.03,-104.79 1600.75,-104.73 1601.45,-104.56 1602.45,-104.25"/>
        <lane id=":J38_2_1" index="1" speed="16.29" length="3.04" shape="1598.98,-101.60 1599.73,-101.59 1600.25,-101.55 1600.75,-101.43 1601.46,-101.21"/>
    </edge>
    <edge id=":J40_0" function="internal">
        <lane id=":J40_0_0" index="0" speed="20.94" length="16.67" shape="1310.40,104.80 1305.68,104.78 1302.41,105.01 1299.29,105.90 1295.03,107.85"/>
        <lane id=":J40_0_1" index="1" speed="21.89" length="16.67" shape="1310.40,101.60 1305.24,101.59 1301.66,101.86 1298.25,102.84 1293.60,104.99"/>
    </edge>
    <edge id=":J40_2" function="internal">
        <lane id=":J40_2_0" index="0" speed="9.26" length="5.03" shape="1310.40,101.60 1305.42,100.89"/>
    </edge>
    <edge id=":J40_8" function="internal">
        <lane id=":J40_8_0" index="0" speed="9.26" length="14.32" shape="1305.42,100.89 1305.15,100.85 1301.40,98.60 1299.15,94.85 1298.40,89.60"/>
    </edge>
    <edge id=":J40_3" function="internal">
        <lane id=":J40_3_0" index="0" speed="6.51" length="9.03" shape="1304.80,89.60 1305.15,92.05 1306.20,93.80 1307.95,94.85 1310.40,95.20"/>
    </edge>
    <edge id=":J40_4" function="internal">
        <lane id=":J40_4_0" index="0" speed="11.11" length="18.31" shape="1301.60,89.60 1301.10,94.83 1299.60,99.14 1297.10,102.53 1293.60,104.99"/>
    </edge>
    <edge id=":J40_5" function="internal">
        <lane id=":J40_5_0" index="0" speed="8.79" length="11.21" shape="1290.74,99.26 1292.69,97.82 1294.08,95.73 1294.92,92.99 1295.20,89.60"/>
    </edge>
    <edge id=":J40_6" function="internal">
        <lane id=":J40_6_0" index="0" speed="23.67" length="19.66" shape="1290.74,99.26 1296.18,96.74 1300.17,95.56 1304.37,95.21 1310.40,95.20"/>
        <lane id=":J40_6_1" index="1" speed="22.80" length="19.66" shape="1292.17,102.13 1297.22,99.79 1300.92,98.70 1304.80,98.40 1310.40,98.40"/>
    </edge>
    <edge id=":J44_0" function="internal">
        <lane id=":J44_0_0" index="0" speed="14.17" length="3.69" shape="1602.94,103.99 1601.75,104.45 1600.91,104.69 1600.03,104.79 1598.76,104.80"/>
        <lane id=":J44_0_1" index="1" speed="12.03" length="3.69" shape="1601.75,101.02 1600.90,101.35 1600.29,101.52 1599.67,101.59 1598.76,101.60"/>
    </edge>
    <edge id=":J44_2" function="internal">
        <lane id=":J44_2_0" index="0" speed="40.00" length="1.23" shape="1598.76,95.20 1598.94,95.20 1599.07,95.18 1599.19,95.15 1599.36,95.08"/>
        <lane id=":J44_2_1" index="1" speed="9.41" length="1.23" shape="1598.76,98.40 1599.31,98.39 1599.68,98.35 1600.04,98.25 1600.55,98.05"/>
    </edge>
    <edge id=":J45_0" function="internal">
        <lane id=":J45_0_0" index="0" speed="10.68" length="5.89" shape="1703.87,-3.48 1704.49,-1.56 1704.73,-0.16 1704.59,1.24 1704.10,3.20"/>
        <lane id=":J45_0_1" index="1" speed="9.10" length="5.89" shape="1700.85,-2.42 1701.30,-1.05 1701.46,-0.05 1701.36,0.95 1701.01,2.35"/>
    </edge>
    <edge id=":J45_2" function="internal">
        <lane id=":J45_2_0" index="0" speed="40.00" length="1.96" shape="1694.84,0.66 1694.91,0.38 1694.93,0.18 1694.90,-0.02 1694.81,-0.30"/>
        <lane id=":J45_2_1" index="1" speed="7.17" length="1.96" shape="1697.93,1.51 1698.14,0.67 1698.20,0.06 1698.10,-0.53 1697.83,-1.36"/>
    </edge>
    <edge id=":J5_0" function="internal">
        <lane id=":J5_0_0" index="0" speed="18.57" length="3.08" shape="-104.52,-98.09 -104.71,-99.14 -104.79,-99.87 -104.75,-100.60 -104.62,-101.66"/>
        <lane id=":J5_0_1" index="1" speed="15.73" length="3.08" shape="-101.38,-98.69 -101.51,-99.44 -101.57,-99.96 -101.54,-100.48 -101.45,-101.24"/>
    </edge>
    <edge id=":J5_2" function="internal">
        <lane id=":J5_2_0" index="0" speed="40.00" length="1.03" shape="-95.11,-100.39 -95.12,-100.24 -95.13,-100.13 -95.12,-100.03 -95.09,-99.88"/>
        <lane id=":J5_2_1" index="1" speed="12.26" length="1.03" shape="-98.28,-100.81 -98.33,-100.36 -98.35,-100.05 -98.32,-99.73 -98.24,-99.28"/>
    </edge>
    <edge id=":J6_0" function="internal">
        <lane id=":J6_0_0" index="0" speed="40.00" length="0.24" shape="0.24,-195.20 0.12,-195.20"/>
        <lane id=":J6_0_1" index="1" speed="40.00" length="0.24" shape="0.24,-198.40 -0.12,-198.39"/>
    </edge>
    <edge id=":J6_2" function="internal">
        <lane id=":J6_2_0" index="0" speed="40.00" length="0.73" shape="-0.61,-204.77 0.24,-204.80"/>
        <lane id=":J6_2_1" index="1" speed="40.00" length="0.73" shape="-0.37,-201.58 0.24,-201.60"/>
    </edge>
    <edge id=":J8_0" function="internal">
        <lane id=":J8_0_0" index="0" speed="9.08" length="14.53" shape="405.95,-203.25 404.40,-199.73 402.09,-197.21 399.02,-195.70 395.21,-195.20"/>
        <lane id=":J8_0_1" index="1" speed="7.76" length="10.38" shape="402.88,-204.15 401.77,-201.63 400.12,-199.84 397.93,-198.76 395.21,-198.40"/>
    </edge>
    <edge id=":J8_2" function="internal">
        <lane id=":J8_2_0" index="0" speed="3.94" length="2.08" shape="395.21,-204.80 395.75,-204.87 396.19,-205.09 396.52,-205.45 396.74,-205.95"/>
        <lane id=":J8_2_1" index="1" speed="6.15" length="6.23" shape="395.21,-201.60 396.84,-201.82 398.16,-202.46 399.15,-203.54 399.81,-205.05"/>
    </edge>
    <edge id=":J9_0" function="internal">
        <lane id=":J9_0_0" index="0" speed="11.35" length="5.06" shape="504.60,-297.82 503.35,-296.61 502.38,-295.88 501.27,-295.40 499.59,-294.92"/>
        <lane id=":J9_0_1" index="1" speed="9.66" length="5.06" shape="502.34,-300.08 501.45,-299.21 500.75,-298.70 499.96,-298.35 498.76,-298.01"/>
    </edge>
    <edge id=":J9_2" function="internal">
        <lane id=":J9_2_0" index="0" speed="40.00" length="1.69" shape="497.10,-304.19 497.34,-304.26 497.50,-304.33 497.64,-304.43 497.82,-304.60"/>
        <lane id=":J9_2_1" index="1" speed="7.60" length="1.69" shape="497.93,-301.10 498.65,-301.31 499.13,-301.51 499.54,-301.82 500.08,-302.34"/>
    </edge>

    <edge id="-E0" from="J1" to="J0" priority="-1">
        <lane id="-E0_0" index="0" speed="40.00" length="498.62" shape="499.64,4.80 1.02,4.80"/>
        <lane id="-E0_1" index="1" speed="40.00" length="498.62" shape="499.64,1.60 1.02,1.60"/>
    </edge>
    <edge id="-E10" from="J12" to="J11" priority="-1">
        <lane id="-E10_0" index="0" speed="40.00" length="138.77" shape="701.52,-494.73 603.39,-396.61"/>
        <lane id="-E10_1" index="1" speed="40.00" length="138.77" shape="699.26,-496.99 601.13,-398.87"/>
    </edge>
    <edge id="-E11" from="J13" to="J12" priority="-1">
        <lane id="-E11_0" index="0" speed="40.00" length="97.23" shape="799.88,-495.20 702.65,-495.20"/>
        <lane id="-E11_1" index="1" speed="40.00" length="97.23" shape="799.88,-498.40 702.65,-498.40"/>
    </edge>
    <edge id="-E12" from="J14" to="J13" priority="-1" shape="900.00,-400.00 893.69,-423.22 877.02,-449.26 858.30,-470.77 840.48,-487.44 820.47,-499.14 800.00,-500.00">
        <lane id="-E12_0" index="0" speed="40.00" length="146.50" shape="895.14,-399.57 889.25,-421.25 873.17,-446.37 854.84,-467.43 837.59,-483.57 819.08,-494.39 799.92,-495.20"/>
        <lane id="-E12_1" index="1" speed="40.00" length="146.50" shape="898.23,-400.40 892.21,-422.56 875.74,-448.30 857.15,-469.66 839.52,-486.15 820.01,-497.56 800.06,-498.40"/>
    </edge>
    <edge id="-E13" from="J15" to="J14" priority="-1">
        <lane id="-E13_0" index="0" speed="40.00" length="94.34" shape="895.20,-304.81 895.20,-399.15"/>
        <lane id="-E13_1" index="1" speed="40.00" length="94.34" shape="898.40,-304.81 898.40,-399.15"/>
    </edge>
    <edge id="-E14" from="J16" to="J15" priority="-1" shape="800.00,-200.00 810.69,-215.58 828.78,-222.44 847.04,-227.15 866.64,-235.53 879.92,-251.09 892.01,-268.78 900.00,-300.00">
        <lane id="-E14_0" index="0" speed="40.00" length="104.41" shape="797.16,-204.35 807.58,-219.54 827.33,-227.02 845.49,-231.71 863.72,-239.50 876.10,-254.01 879.87,-259.52"/>
        <lane id="-E14_1" index="1" speed="40.00" length="104.41" shape="799.80,-202.54 809.65,-216.90 828.30,-223.97 846.52,-228.67 865.67,-236.85 878.65,-252.06 883.15,-258.65"/>
    </edge>
    <edge id="-E15" from="J17" to="J16" priority="-1">
        <lane id="-E15_0" index="0" speed="40.00" length="97.85" shape="795.20,-100.17 795.20,-198.02"/>
        <lane id="-E15_1" index="1" speed="40.00" length="97.85" shape="798.40,-100.17 798.40,-198.02"/>
    </edge>
    <edge id="-E16" from="J18" to="J17" priority="-1" shape="700.00,0.00 724.01,-2.14 750.06,-12.51 774.62,-31.24 790.35,-50.63 798.79,-76.80 800.00,-100.00">
        <lane id="-E16_0" index="0" speed="40.00" length="153.67" shape="699.86,-4.81 722.89,-6.86 747.67,-16.73 771.25,-34.71 786.06,-52.96 794.03,-77.68 795.20,-100.08"/>
        <lane id="-E16_1" index="1" speed="40.00" length="153.67" shape="700.14,-1.62 723.64,-3.71 749.26,-13.92 773.50,-32.40 788.92,-51.41 797.20,-77.09 798.39,-99.92"/>
    </edge>
    <edge id="-E17" from="J19" to="J18" priority="-1">
        <lane id="-E17_0" index="0" speed="40.00" length="98.62" shape="601.09,-4.80 699.72,-4.80"/>
        <lane id="-E17_1" index="1" speed="40.00" length="98.62" shape="601.09,-1.60 699.72,-1.60"/>
    </edge>
    <edge id="-E18" from="J1" to="J19" priority="-1" shape="500.00,0.00 515.49,-1.76 522.86,-13.46 533.43,-19.26 548.72,-18.86 564.30,-12.54 600.00,0.00">
        <lane id="-E18_0" index="0" speed="40.00" length="111.29" shape="499.82,-4.81 512.66,-6.27 519.46,-17.07 532.26,-24.09 549.72,-23.64 566.00,-17.03 600.56,-4.89"/>
        <lane id="-E18_1" index="1" speed="40.00" length="111.29" shape="500.18,-1.63 514.55,-3.26 521.73,-14.66 533.04,-20.87 549.05,-20.45 564.87,-14.04 599.50,-1.87"/>
    </edge>
    <edge id="-E19" from="J8" to="J6" priority="-1">
        <lane id="-E19_0" index="0" speed="40.00" length="394.96" shape="395.21,-195.20 0.24,-195.20"/>
        <lane id="-E19_1" index="1" speed="40.00" length="394.96" shape="395.21,-198.40 0.24,-198.40"/>
    </edge>
    <edge id="-E2" from="J22" to="J21" priority="-1">
        <lane id="-E2_0" index="0" speed="40.00" length="379.20" shape="1089.60,-95.20 710.40,-95.20"/>
        <lane id="-E2_1" index="1" speed="40.00" length="379.20" shape="1089.60,-98.40 710.40,-98.40"/>
    </edge>
    <edge id="-E26" from="J15" to="J32" priority="-1">
        <lane id="-E26_0" index="0" speed="40.00" length="549.36" shape="904.80,-255.76 904.80,293.60"/>
        <lane id="-E26_1" index="1" speed="40.00" length="549.36" shape="901.60,-255.76 901.60,293.60"/>
    </edge>
    <edge id="-E27" from="J34" to="J33" priority="-1">
        <lane id="-E27_0" index="0" speed="40.00" length="350.91" shape="1090.65,194.63 896.01,-97.34"/>
        <lane id="-E27_1" index="1" speed="40.00" length="350.91" shape="1093.32,192.86 898.67,-99.11"/>
    </edge>
    <edge id="-E28" from="J35" to="J21" priority="-1">
        <lane id="-E28_0" index="0" speed="40.00" length="280.72" shape="704.80,-391.12 704.80,-110.40"/>
        <lane id="-E28_1" index="1" speed="40.00" length="280.72" shape="701.60,-391.12 701.60,-110.40"/>
    </edge>
    <edge id="-E29" from="J36" to="J35" priority="-1">
        <lane id="-E29_0" index="0" speed="40.00" length="623.58" shape="1298.48,-195.45 706.91,-392.64"/>
        <lane id="-E29_1" index="1" speed="40.00" length="623.58" shape="1299.49,-198.48 707.92,-395.67"/>
    </edge>
    <edge id="-E30" from="J37" to="J22" priority="-1">
        <lane id="-E30_0" index="0" speed="40.00" length="389.60" shape="1104.80,-500.00 1104.80,-110.40"/>
        <lane id="-E30_1" index="1" speed="40.00" length="389.60" shape="1101.60,-500.00 1101.60,-110.40"/>
    </edge>
    <edge id="-E31" from="J38" to="J22" priority="-1">
        <lane id="-E31_0" index="0" speed="40.00" length="488.58" shape="1598.98,-95.20 1110.40,-95.20"/>
        <lane id="-E31_1" index="1" speed="40.00" length="488.58" shape="1598.98,-98.40 1110.40,-98.40"/>
    </edge>
    <edge id="-E32" from="J39" to="J21" priority="-1">
        <lane id="-E32_0" index="0" speed="40.00" length="289.60" shape="695.20,200.00 695.20,-89.60"/>
        <lane id="-E32_1" index="1" speed="40.00" length="289.60" shape="698.40,200.00 698.40,-89.60"/>
    </edge>
    <edge id="-E33" from="J41" to="J40" priority="-1">
        <lane id="-E33_0" index="0" speed="40.00" length="489.60" shape="1304.80,-400.00 1304.80,89.60"/>
        <lane id="-E33_1" index="1" speed="40.00" length="489.60" shape="1301.60,-400.00 1301.60,89.60"/>
    </edge>
    <edge id="-E34" from="J34" to="J40" priority="-1">
        <lane id="-E34_0" index="0" speed="40.00" length="202.77" shape="1109.37,189.95 1290.74,99.26"/>
        <lane id="-E34_1" index="1" speed="40.00" length="202.77" shape="1110.80,192.81 1292.17,102.13"/>
    </edge>
    <edge id="-E35" from="J42" to="J32" priority="-1">
        <lane id="-E35_0" index="0" speed="40.00" length="693.60" shape="1600.00,304.80 906.40,304.80"/>
        <lane id="-E35_1" index="1" speed="40.00" length="693.60" shape="1600.00,301.60 906.40,301.60"/>
    </edge>
    <edge id="-E36" from="J43" to="J34" priority="-1">
        <lane id="-E36_0" index="0" speed="40.00" length="128.54" shape="1196.61,303.39 1105.71,212.50"/>
        <lane id="-E36_1" index="1" speed="40.00" length="128.54" shape="1198.87,301.13 1107.98,210.24"/>
    </edge>
    <edge id="-E37" from="J44" to="J40" priority="-1">
        <lane id="-E37_0" index="0" speed="40.00" length="288.36" shape="1598.76,104.80 1310.40,104.80"/>
        <lane id="-E37_1" index="1" speed="40.00" length="288.36" shape="1598.76,101.60 1310.40,101.60"/>
    </edge>
    <edge id="-E38" from="J45" to="J44" priority="-1" shape="1700.00,0.00 1694.35,20.53 1685.26,39.71 1671.05,57.25 1651.13,76.41 1625.04,89.93 1600.00,100.00">
        <lane id="-E38_0" index="0" speed="40.00" length="148.82" shape="1704.10,3.20 1698.87,22.21 1689.35,42.29 1674.59,60.50 1653.96,80.35 1627.04,94.30 1602.94,103.99"/>
        <lane id="-E38_1" index="1" speed="40.00" length="148.82" shape="1701.01,2.35 1695.86,21.09 1686.62,40.57 1672.23,58.33 1652.07,77.72 1625.71,91.39 1601.75,101.02"/>
    </edge>
    <edge id="-E39" from="J38" to="J45" priority="-1" shape="1600.00,-100.00 1623.96,-92.19 1645.29,-78.45 1662.98,-62.36 1678.83,-43.54 1691.41,-24.47 1700.00,0.00">
        <lane id="-E39_0" index="0" speed="40.00" length="147.80" shape="1602.45,-104.25 1626.04,-96.56 1648.22,-82.27 1666.45,-65.70 1682.68,-46.42 1695.74,-26.62 1703.87,-3.48"/>
        <lane id="-E39_1" index="1" speed="40.00" length="147.80" shape="1601.46,-101.21 1624.65,-93.65 1646.27,-79.72 1664.14,-63.47 1680.11,-44.50 1692.85,-25.19 1700.85,-2.42"/>
    </edge>
    <edge id="-E4" from="J5" to="J0" priority="-1" shape="-100.00,-100.00 -95.99,-78.83 -83.83,-54.55 -62.26,-32.88 -31.58,-10.31 0.00,0.00">
        <lane id="-E4_0" index="0" speed="40.00" length="145.09" shape="-95.09,-99.88 -91.40,-80.38 -79.88,-57.39 -59.12,-36.53 -29.36,-14.63 0.52,-4.88"/>
        <lane id="-E4_1" index="1" speed="40.00" length="145.09" shape="-98.24,-99.28 -94.46,-79.35 -82.51,-55.50 -61.21,-34.10 -30.84,-11.75 -0.47,-1.84"/>
    </edge>
    <edge id="-E5" from="J6" to="J5" priority="-1" shape="0.00,-200.00 -32.71,-197.50 -56.87,-185.55 -80.33,-164.54 -90.68,-145.36 -97.13,-121.50 -100.00,-100.00">
        <lane id="-E5_0" index="0" speed="40.00" length="153.78" shape="0.12,-195.20 -31.42,-192.78 -54.16,-181.54 -76.50,-161.52 -86.19,-143.57 -92.41,-120.55 -95.11,-100.39"/>
        <lane id="-E5_1" index="1" speed="40.00" length="153.78" shape="-0.12,-198.39 -32.28,-195.93 -55.97,-184.21 -79.05,-163.53 -89.18,-144.76 -95.56,-121.18 -98.28,-100.81"/>
    </edge>
    <edge id="-E8" from="J9" to="J8" priority="-1" shape="500.00,-300.00 462.23,-289.85 431.05,-265.71 409.80,-233.42 400.00,-200.00">
        <lane id="-E8_0" index="0" speed="40.00" length="142.21" shape="499.59,-294.92 464.41,-285.46 434.62,-262.40 414.20,-231.38 405.95,-203.25"/>
        <lane id="-E8_1" index="1" speed="40.00" length="142.21" shape="498.76,-298.01 462.96,-288.39 432.24,-264.61 411.27,-232.74 402.88,-204.15"/>
    </edge>
    <edge id="-E9" from="J11" to="J9" priority="-1">
        <lane id="-E9_0" index="0" speed="40.00" length="139.71" shape="603.39,-396.61 504.60,-297.82"/>
        <lane id="-E9_1" index="1" speed="40.00" length="139.71" shape="601.13,-398.87 502.34,-300.08"/>
    </edge>
    <edge id="E0" from="J0" to="J1" priority="-1">
        <lane id="E0_0" index="0" speed="40.00" length="498.62" shape="1.02,-4.80 499.64,-4.80"/>
        <lane id="E0_1" index="1" speed="40.00" length="498.62" shape="1.02,-1.60 499.64,-1.60"/>
    </edge>
    <edge id="E10" from="J11" to="J12" priority="-1">
        <lane id="E10_0" index="0" speed="40.00" length="138.77" shape="596.61,-403.39 694.73,-501.52"/>
        <lane id="E10_1" index="1" speed="40.00" length="138.77" shape="598.87,-401.13 696.99,-499.26"/>
    </edge>
    <edge id="E11" from="J12" to="J13" priority="-1">
        <lane id="E11_0" index="0" speed="40.00" length="97.23" shape="702.65,-504.80 799.88,-504.80"/>
        <lane id="E11_1" index="1" speed="40.00" length="97.23" shape="702.65,-501.60 799.88,-501.60"/>
    </edge>
    <edge id="E12" from="J13" to="J14" priority="-1" shape="800.00,-500.00 820.47,-499.14 840.48,-487.44 858.30,-470.77 877.02,-449.26 893.69,-423.22 900.00,-400.00">
        <lane id="E12_0" index="0" speed="40.00" length="154.67" shape="800.33,-504.79 821.86,-503.89 843.37,-491.31 861.76,-474.11 880.87,-452.15 898.13,-425.19 904.41,-402.08"/>
        <lane id="E12_1" index="1" speed="40.00" length="154.67" shape="800.19,-501.59 820.93,-500.72 841.44,-488.73 859.45,-471.88 878.30,-450.22 895.17,-423.88 901.32,-401.24"/>
    </edge>
    <edge id="E13" from="J14" to="J15" priority="-1">
        <lane id="E13_0" index="0" speed="40.00" length="94.34" shape="904.80,-399.15 904.80,-304.81"/>
        <lane id="E13_1" index="1" speed="40.00" length="94.34" shape="901.60,-399.15 901.60,-304.81"/>
    </edge>
    <edge id="E14" from="J15" to="J16" priority="-1" shape="900.00,-300.00 892.01,-268.78 879.92,-251.09 866.64,-235.53 847.04,-227.15 828.78,-222.44 810.69,-215.58 800.00,-200.00">
        <lane id="E14_0" index="0" speed="40.00" length="106.61" shape="889.70,-256.90 883.74,-248.17 869.56,-231.56 848.59,-222.59 830.23,-217.86 813.80,-211.62 805.08,-198.92"/>
        <lane id="E14_1" index="1" speed="40.00" length="106.61" shape="886.43,-257.77 881.19,-250.12 867.61,-234.21 847.56,-225.63 829.26,-220.91 811.73,-214.26 802.44,-200.73"/>
    </edge>
    <edge id="E15" from="J16" to="J17" priority="-1">
        <lane id="E15_0" index="0" speed="40.00" length="97.85" shape="804.80,-198.02 804.80,-100.17"/>
        <lane id="E15_1" index="1" speed="40.00" length="97.85" shape="801.60,-198.02 801.60,-100.17"/>
    </edge>
    <edge id="E16" from="J17" to="J18" priority="-1" shape="800.00,-100.00 798.79,-76.80 790.35,-50.63 774.62,-31.24 750.06,-12.51 724.01,-2.14 700.00,0.00">
        <lane id="E16_0" index="0" speed="40.00" length="162.89" shape="804.78,-99.58 803.55,-75.92 794.64,-48.30 777.99,-27.77 752.45,-8.29 725.13,2.58 700.71,4.76"/>
        <lane id="E16_1" index="1" speed="40.00" length="162.89" shape="801.59,-99.75 800.38,-76.51 791.78,-49.85 775.74,-30.08 750.86,-11.10 724.38,-0.57 700.43,1.57"/>
    </edge>
    <edge id="E17" from="J18" to="J19" priority="-1">
        <lane id="E17_0" index="0" speed="40.00" length="98.62" shape="699.72,4.80 601.09,4.80"/>
        <lane id="E17_1" index="1" speed="40.00" length="98.62" shape="699.72,1.60 601.09,1.60"/>
    </edge>
    <edge id="E18" from="J19" to="J1" priority="-1" shape="600.00,0.00 564.30,-12.54 548.72,-18.86 533.43,-19.26 522.86,-13.46 515.49,-1.76 500.00,0.00">
        <lane id="E18_0" index="0" speed="40.00" length="108.64" shape="597.38,4.17 562.60,-8.05 547.72,-14.08 534.60,-14.43 526.26,-9.85 518.32,2.75 500.90,4.73"/>
        <lane id="E18_1" index="1" speed="40.00" length="108.64" shape="598.44,1.15 563.73,-11.04 548.39,-17.27 533.82,-17.65 523.99,-12.26 516.43,-0.26 500.54,1.55"/>
    </edge>
    <edge id="E19" from="J6" to="J8" priority="-1">
        <lane id="E19_0" index="0" speed="40.00" length="394.96" shape="0.24,-204.80 395.21,-204.80"/>
        <lane id="E19_1" index="1" speed="40.00" length="394.96" shape="0.24,-201.60 395.21,-201.60"/>
    </edge>
    <edge id="E2" from="J21" to="J22" priority="-1">
        <lane id="E2_0" index="0" speed="40.00" length="379.20" shape="710.40,-104.80 1089.60,-104.80"/>
        <lane id="E2_1" index="1" speed="40.00" length="379.20" shape="710.40,-101.60 1089.60,-101.60"/>
    </edge>
    <edge id="E26" from="J32" to="J15" priority="-1">
        <lane id="E26_0" index="0" speed="40.00" length="549.36" shape="895.20,293.60 895.20,-255.76"/>
        <lane id="E26_1" index="1" speed="40.00" length="549.36" shape="898.40,293.60 898.40,-255.76"/>
    </edge>
    <edge id="E27" from="J33" to="J34" priority="-1">
        <lane id="E27_0" index="0" speed="40.00" length="350.91" shape="903.99,-102.66 1098.64,189.31"/>
        <lane id="E27_1" index="1" speed="40.00" length="350.91" shape="901.33,-100.89 1095.98,191.08"/>
    </edge>
    <edge id="E28" from="J21" to="J35" priority="-1">
        <lane id="E28_0" index="0" speed="40.00" length="280.72" shape="695.20,-110.40 695.20,-391.12"/>
        <lane id="E28_1" index="1" speed="40.00" length="280.72" shape="698.40,-110.40 698.40,-391.12"/>
    </edge>
    <edge id="E29" from="J35" to="J36" priority="-1">
        <lane id="E29_0" index="0" speed="40.00" length="623.58" shape="709.94,-401.75 1301.52,-204.55"/>
        <lane id="E29_1" index="1" speed="40.00" length="623.58" shape="708.93,-398.71 1300.51,-201.52"/>
    </edge>
    <edge id="E30" from="J22" to="J37" priority="-1">
        <lane id="E30_0" index="0" speed="40.00" length="389.60" shape="1095.20,-110.40 1095.20,-500.00"/>
        <lane id="E30_1" index="1" speed="40.00" length="389.60" shape="1098.40,-110.40 1098.40,-500.00"/>
    </edge>
    <edge id="E31" from="J22" to="J38" priority="-1">
        <lane id="E31_0" index="0" speed="40.00" length="488.58" shape="1110.40,-104.80 1598.98,-104.80"/>
        <lane id="E31_1" index="1" speed="40.00" length="488.58" shape="1110.40,-101.60 1598.98,-101.60"/>
    </edge>
    <edge id="E32" from="J21" to="J39" priority="-1">
        <lane id="E32_0" index="0" speed="40.00" length="289.60" shape="704.80,-89.60 704.80,200.00"/>
        <lane id="E32_1" index="1" speed="40.00" length="289.60" shape="701.60,-89.60 701.60,200.00"/>
    </edge>
    <edge id="E33" from="J40" to="J41" priority="-1">
        <lane id="E33_0" index="0" speed="40.00" length="489.60" shape="1295.20,89.60 1295.20,-400.00"/>
        <lane id="E33_1" index="1" speed="40.00" length="489.60" shape="1298.40,89.60 1298.40,-400.00"/>
    </edge>
    <edge id="E34" from="J40" to="J34" priority="-1">
        <lane id="E34_0" index="0" speed="40.00" length="202.77" shape="1295.03,107.85 1113.67,198.53"/>
        <lane id="E34_1" index="1" speed="40.00" length="202.77" shape="1293.60,104.99 1112.24,195.67"/>
    </edge>
    <edge id="E35" from="J32" to="J42" priority="-1">
        <lane id="E35_0" index="0" speed="40.00" length="693.60" shape="906.40,295.20 1600.00,295.20"/>
        <lane id="E35_1" index="1" speed="40.00" length="693.60" shape="906.40,298.40 1600.00,298.40"/>
    </edge>
    <edge id="E36" from="J34" to="J43" priority="-1">
        <lane id="E36_0" index="0" speed="40.00" length="128.54" shape="1112.50,205.71 1203.39,296.61"/>
        <lane id="E36_1" index="1" speed="40.00" length="128.54" shape="1110.24,207.98 1201.13,298.87"/>
    </edge>
    <edge id="E37" from="J40" to="J44" priority="-1">
        <lane id="E37_0" index="0" speed="40.00" length="288.36" shape="1310.40,95.20 1598.76,95.20"/>
        <lane id="E37_1" index="1" speed="40.00" length="288.36" shape="1310.40,98.40 1598.76,98.40"/>
    </edge>
    <edge id="E38" from="J44" to="J45" priority="-1" shape="1600.00,100.00 1625.04,89.93 1651.13,76.41 1671.05,57.25 1685.26,39.71 1694.35,20.53 1700.00,0.00">
        <lane id="E38_0" index="0" speed="40.00" length="142.91" shape="1599.36,95.08 1623.04,85.56 1648.30,72.47 1667.51,54.00 1681.17,37.13 1689.83,18.85 1694.84,0.66"/>
        <lane id="E38_1" index="1" speed="40.00" length="142.91" shape="1600.55,98.05 1624.37,88.47 1650.19,75.10 1669.87,56.17 1683.90,38.85 1692.84,19.97 1697.93,1.51"/>
    </edge>
    <edge id="E39" from="J45" to="J38" priority="-1" shape="1700.00,0.00 1691.41,-24.47 1678.83,-43.54 1662.98,-62.36 1645.29,-78.45 1623.96,-92.19 1600.00,-100.00">
        <lane id="E39_0" index="0" speed="40.00" length="141.90" shape="1694.81,-0.30 1687.08,-22.32 1674.98,-40.66 1659.51,-59.02 1642.36,-74.63 1621.88,-87.82 1599.48,-95.12"/>
        <lane id="E39_1" index="1" speed="40.00" length="141.90" shape="1697.83,-1.36 1689.97,-23.75 1677.55,-42.58 1661.82,-61.25 1644.31,-77.18 1623.27,-90.73 1600.47,-98.16"/>
    </edge>
    <edge id="E4" from="J0" to="J5" priority="-1" shape="0.00,0.00 -31.58,-10.31 -62.26,-32.88 -83.83,-54.55 -95.99,-78.83 -100.00,-100.00">
        <lane id="E4_0" index="0" speed="40.00" length="151.98" shape="-2.46,4.25 -33.80,-5.99 -65.40,-29.23 -87.78,-51.71 -100.58,-77.28 -104.52,-98.09"/>
        <lane id="E4_1" index="1" speed="40.00" length="151.98" shape="-1.46,1.20 -32.32,-8.87 -63.31,-31.66 -85.15,-53.60 -97.52,-78.31 -101.38,-98.69"/>
    </edge>
    <edge id="E5" from="J5" to="J6" priority="-1" shape="-100.00,-100.00 -97.13,-121.50 -90.68,-145.36 -80.33,-164.54 -56.87,-185.55 -32.71,-197.50 0.00,-200.00">
        <lane id="E5_0" index="0" speed="40.00" length="162.57" shape="-104.62,-101.66 -101.85,-122.45 -95.17,-147.15 -84.16,-167.56 -59.58,-189.56 -34.00,-202.22 -0.61,-204.77"/>
        <lane id="E5_1" index="1" speed="40.00" length="162.57" shape="-101.45,-101.24 -98.70,-121.82 -92.18,-145.96 -81.61,-165.55 -57.77,-186.89 -33.14,-199.07 -0.37,-201.58"/>
    </edge>
    <edge id="E8" from="J8" to="J9" priority="-1" shape="400.00,-200.00 409.80,-233.42 431.05,-265.71 462.23,-289.85 500.00,-300.00">
        <lane id="E8_0" index="0" speed="40.00" length="148.83" shape="396.74,-205.95 405.40,-235.46 427.48,-269.02 460.05,-294.24 497.10,-304.19"/>
        <lane id="E8_1" index="1" speed="40.00" length="148.83" shape="399.81,-205.05 408.33,-234.10 429.86,-266.81 461.50,-291.31 497.93,-301.10"/>
    </edge>
    <edge id="E9" from="J9" to="J11" priority="-1">
        <lane id="E9_0" index="0" speed="40.00" length="139.71" shape="497.82,-304.60 596.61,-403.39"/>
        <lane id="E9_1" index="1" speed="40.00" length="139.71" shape="500.08,-302.34 598.87,-401.13"/>
    </edge>

    <tlLogic id="J0" type="static" programID="0" offset="0">
        <phase duration="77" state="GGGG"/>
        <phase duration="8"  state="ggyy"/>
        <phase duration="5"  state="ggrr"/>
    </tlLogic>
    <tlLogic id="J15" type="static" programID="0" offset="0">
        <phase duration="37" state="GGGGGgrrr"/>
        <phase duration="8"  state="Gyyyyyrrr"/>
        <phase duration="37" state="GrrrrrGGG"/>
        <phase duration="8"  state="Grrrrryyy"/>
    </tlLogic>
    <tlLogic id="J22" type="static" programID="0" offset="0">
        <phase duration="37" state="GGgrrGGG"/>
        <phase duration="8"  state="yyyrrGyy"/>
        <phase duration="37" state="rrrGGGrr"/>
        <phase duration="8"  state="rrryyGrr"/>
    </tlLogic>
    <tlLogic id="J40" type="static" programID="0" offset="0">
        <phase duration="37" state="GGgrrGGG"/>
        <phase duration="8"  state="yyyrrGyy"/>
        <phase duration="37" state="rrrGGGrr"/>
        <phase duration="8"  state="rrryyGrr"/>
    </tlLogic>
    <tlLogic id="J6" type="static" programID="0" offset="0">
        <phase duration="77" state="GGGG"/>
        <phase duration="8"  state="ggyy"/>
        <phase duration="5"  state="ggrr"/>
    </tlLogic>

    <junction id="J0" type="traffic_light" x="0.00" y="0.00" incLanes="-E0_0 -E0_1 -E4_0 -E4_1" intLanes=":J0_0_0 :J0_0_1 :J0_2_0 :J0_2_1" shape="1.02,6.40 1.02,-6.40 -2.95,5.77 -1.52,6.21 -1.01,6.32 -0.48,6.37 0.16,6.40">
        <request index="0" response="0000" foes="0000" cont="0"/>
        <request index="1" response="0000" foes="0000" cont="0"/>
        <request index="2" response="0000" foes="0000" cont="0"/>
        <request index="3" response="0000" foes="0000" cont="0"/>
    </junction>
    <junction id="J1" type="priority" x="500.00" y="0.00" incLanes="E18_0 E18_1 E0_0 E0_1" intLanes=":J1_0_0 :J1_0_1 :J1_2_0 :J1_2_1" shape="501.08,6.32 499.64,-6.40 499.64,6.40 500.17,6.40 500.36,6.39 500.55,6.38 500.78,6.35">
        <request index="0" response="0000" foes="0000" cont="0"/>
        <request index="1" response="0000" foes="0000" cont="0"/>
        <request index="2" response="0000" foes="0000" cont="0"/>
        <request index="3" response="0000" foes="0000" cont="0"/>
    </junction>
    <junction id="J11" type="priority" x="600.00" y="-400.00" incLanes="-E10_0 -E10_1 E9_0 E9_1" intLanes=":J11_0_0 :J11_0_1 :J11_2_0 :J11_2_1" shape="604.53,-395.47 595.47,-404.53 604.53,-395.47">
        <request index="0" response="0000" foes="0000" cont="0"/>
        <request index="1" response="0000" foes="0000" cont="0"/>
        <request index="2" response="0000" foes="0000" cont="0"/>
        <request index="3" response="0000" foes="0000" cont="0"/>
    </junction>
    <junction id="J12" type="priority" x="700.00" y="-500.00" incLanes="-E11_0 -E11_1 E10_0 E10_1" intLanes=":J12_0_0 :J12_0_1 :J12_2_0 :J12_2_1" shape="702.65,-493.60 702.65,-506.40 699.29,-505.98 697.74,-505.46 696.27,-504.73 694.89,-503.80 693.60,-502.65">
        <request index="0" response="0000" foes="0000" cont="0"/>
        <request index="1" response="0000" foes="0000" cont="0"/>
        <request index="2" response="0000" foes="0000" cont="0"/>
        <request index="3" response="0000" foes="0000" cont="0"/>
    </junction>
    <junction id="J13" type="priority" x="800.00" y="-500.00" incLanes="-E12_0 -E12_1 E11_0 E11_1" intLanes=":J13_0_0 :J13_0_1 :J13_2_0 :J13_2_1" shape="799.86,-493.60 800.39,-506.39 799.88,-506.40 799.88,-493.60">
        <request index="0" response="0000" foes="0000" cont="0"/>
        <request index="1" response="0000" foes="0000" cont="0"/>
        <request index="2" response="0000" foes="0000" cont="0"/>
        <request index="3" response="0000" foes="0000" cont="0"/>
    </junction>
    <junction id="J14" type="priority" x="900.00" y="-400.00" incLanes="-E13_0 -E13_1 E12_0 E12_1" intLanes=":J14_0_0 :J14_0_1 :J14_2_0 :J14_2_1" shape="893.60,-399.15 906.40,-399.15 906.38,-400.41 906.34,-400.85 906.27,-401.28 906.14,-401.80 905.95,-402.50">
        <request index="0" response="0000" foes="0000" cont="0"/>
        <request index="1" response="0000" foes="0000" cont="0"/>
        <request index="2" response="0000" foes="0000" cont="0"/>
        <request index="3" response="0000" foes="0000" cont="0"/>
    </junction>
    <junction id="J15" type="traffic_light" x="900.00" y="-300.00" incLanes="E26_0 E26_1 E13_0 E13_1 -E14_0 -E14_1" intLanes=":J15_0_0 :J15_1_0 :J15_1_1 :J15_3_0 :J15_3_1 :J15_9_0 :J15_6_0 :J15_6_1 :J15_8_0" shape="893.60,-255.76 906.40,-255.76 906.40,-304.81 893.60,-304.81 893.39,-294.61 892.59,-286.99 890.93,-280.83 888.16,-275.02 884.01,-268.43 878.23,-259.96 891.34,-256.46 892.60,-257.85 893.04,-257.94 893.35,-257.62 893.54,-256.89">
        <request index="0" response="000000000" foes="000000000" cont="0"/>
        <request index="1" response="000000000" foes="111100000" cont="0"/>
        <request index="2" response="000000000" foes="111100000" cont="0"/>
        <request index="3" response="000000000" foes="100000000" cont="0"/>
        <request index="4" response="000000000" foes="100000000" cont="0"/>
        <request index="5" response="000000110" foes="100000110" cont="1"/>
        <request index="6" response="000000110" foes="000000110" cont="0"/>
        <request index="7" response="000000110" foes="000000110" cont="0"/>
        <request index="8" response="000111110" foes="000111110" cont="0"/>
    </junction>
    <junction id="J16" type="priority" x="800.00" y="-200.00" incLanes="-E15_0 -E15_1 E14_0 E14_1" intLanes=":J16_0_0 :J16_0_1 :J16_2_0 :J16_2_1" shape="793.60,-198.02 806.40,-198.02 795.85,-205.26 794.31,-202.83 793.92,-201.89 793.71,-200.88 793.62,-199.65">
        <request index="0" response="0000" foes="0000" cont="0"/>
        <request index="1" response="0000" foes="0000" cont="0"/>
        <request index="2" response="0000" foes="0000" cont="0"/>
        <request index="3" response="0000" foes="0000" cont="0"/>
    </junction>
    <junction id="J17" type="priority" x="800.00" y="-100.00" incLanes="E15_0 E15_1 -E16_0 -E16_1" intLanes=":J17_0_0 :J17_0_1 :J17_2_0 :J17_2_1" shape="806.40,-100.17 793.60,-100.17 806.38,-99.50">
        <request index="0" response="0000" foes="0000" cont="0"/>
        <request index="1" response="0000" foes="0000" cont="0"/>
        <request index="2" response="0000" foes="0000" cont="0"/>
        <request index="3" response="0000" foes="0000" cont="0"/>
    </junction>
    <junction id="J18" type="priority" x="700.00" y="0.00" incLanes="E16_0 E16_1 -E17_0 -E17_1" intLanes=":J18_0_0 :J18_0_1 :J18_2_0 :J18_2_1" shape="700.85,6.35 699.72,-6.40 699.72,6.40 700.14,6.40 700.28,6.39 700.43,6.39">
        <request index="0" response="0000" foes="0000" cont="0"/>
        <request index="1" response="0000" foes="0000" cont="0"/>
        <request index="2" response="0000" foes="0000" cont="0"/>
        <request index="3" response="0000" foes="0000" cont="0"/>
    </junction>
    <junction id="J19" type="priority" x="600.00" y="0.00" incLanes="E17_0 E17_1 -E18_0 -E18_1" intLanes=":J19_0_0 :J19_0_1 :J19_2_0 :J19_2_1" shape="601.09,6.40 601.09,-6.40 596.85,5.68 598.37,6.18 598.92,6.31 599.49,6.37 600.17,6.40">
        <request index="0" response="0000" foes="0000" cont="0"/>
        <request index="1" response="0000" foes="0000" cont="0"/>
        <request index="2" response="0000" foes="0000" cont="0"/>
        <request index="3" response="0000" foes="0000" cont="0"/>
    </junction>
    <junction id="J21" type="priority" x="700.00" y="-100.00" incLanes="-E32_0 -E32_1 -E2_0 -E2_1 -E28_0 -E28_1" intLanes=":J21_0_0 :J21_0_1 :J21_8_0 :J21_3_0 :J21_4_0 :J21_5_0 :J21_6_0 :J21_6_1" shape="693.60,-89.60 706.40,-89.60 706.84,-91.82 707.40,-92.60 708.18,-93.16 709.18,-93.49 710.40,-93.60 710.40,-106.40 708.18,-106.84 707.40,-107.40 706.84,-108.18 706.51,-109.18 706.40,-110.40 693.60,-110.40">
        <request index="0" response="00000000" foes="00010000" cont="0"/>
        <request index="1" response="00000000" foes="00010000" cont="0"/>
        <request index="2" response="11000000" foes="11010000" cont="1"/>
        <request index="3" response="11000000" foes="11000000" cont="0"/>
        <request index="4" response="11000111" foes="11000111" cont="0"/>
        <request index="5" response="00000000" foes="00000000" cont="0"/>
        <request index="6" response="00000000" foes="00011100" cont="0"/>
        <request index="7" response="00000000" foes="00011100" cont="0"/>
    </junction>
    <junction id="J22" type="traffic_light" x="1100.00" y="-100.00" incLanes="-E31_0 -E31_1 -E30_0 -E30_1 E2_0 E2_1" intLanes=":J22_0_0 :J22_0_1 :J22_8_0 :J22_3_0 :J22_4_0 :J22_5_0 :J22_6_0 :J22_6_1" shape="1110.40,-93.60 1110.40,-106.40 1108.18,-106.84 1107.40,-107.40 1106.84,-108.18 1106.51,-109.18 1106.40,-110.40 1093.60,-110.40 1093.16,-108.18 1092.60,-107.40 1091.82,-106.84 1090.82,-106.51 1089.60,-106.40 1089.60,-93.60">
        <request index="0" response="00000000" foes="00010000" cont="0"/>
        <request index="1" response="00000000" foes="00010000" cont="0"/>
        <request index="2" response="11000000" foes="11010000" cont="1"/>
        <request index="3" response="11000000" foes="11000000" cont="0"/>
        <request index="4" response="11000111" foes="11000111" cont="0"/>
        <request index="5" response="00000000" foes="00000000" cont="0"/>
        <request index="6" response="00000000" foes="00011100" cont="0"/>
        <request index="7" response="00000000" foes="00011100" cont="0"/>
    </junction>
    <junction id="J32" type="priority" x="900.00" y="300.00" incLanes="-E35_0 -E35_1 -E26_0 -E26_1" intLanes=":J32_0_0 :J32_0_1 :J32_2_0 :J32_2_1" shape="906.40,306.40 906.40,293.60 893.60,293.60 893.96,297.51 895.02,300.71 896.80,303.20 899.29,304.98 902.49,306.04">
        <request index="0" response="0000" foes="0000" cont="0"/>
        <request index="1" response="0000" foes="0000" cont="0"/>
        <request index="2" response="0000" foes="0000" cont="0"/>
        <request index="3" response="0000" foes="0000" cont="0"/>
    </junction>
    <junction id="J33" type="dead_end" x="900.00" y="-100.00" incLanes="-E27_0 -E27_1" intLanes="" shape="900.00,-100.00 894.67,-96.45 900.00,-100.00"/>
    <junction id="J34" type="priority" x="1100.00" y="200.00" incLanes="-E36_0 -E36_1 E34_0 E34_1 E27_0 E27_1" intLanes=":J34_0_0 :J34_0_1 :J34_8_0 :J34_3_0 :J34_4_0 :J34_5_0 :J34_6_0 :J34_6_1" shape="1104.58,213.63 1113.63,204.58 1112.46,202.81 1112.41,202.01 1112.71,201.27 1113.37,200.59 1114.38,199.96 1108.66,188.52 1106.62,189.41 1104.82,189.94 1103.25,190.11 1101.92,189.91 1100.83,189.35 1099.97,188.42 1089.32,195.52 1092.15,199.70 1094.34,202.73 1096.28,205.13 1098.36,207.41 1101.00,210.07">
        <request index="0" response="00000000" foes="00010000" cont="0"/>
        <request index="1" response="00000000" foes="00010000" cont="0"/>
        <request index="2" response="11000000" foes="11010000" cont="1"/>
        <request index="3" response="11000000" foes="11000000" cont="0"/>
        <request index="4" response="11000111" foes="11000111" cont="0"/>
        <request index="5" response="00000000" foes="00000000" cont="0"/>
        <request index="6" response="00000000" foes="00011100" cont="0"/>
        <request index="7" response="00000000" foes="00011100" cont="0"/>
    </junction>
    <junction id="J35" type="priority" x="700.00" y="-400.00" incLanes="E28_0 E28_1 -E29_0 -E29_1" intLanes=":J35_0_0 :J35_0_1 :J35_2_0 :J35_2_1" shape="693.60,-391.12 706.40,-391.12 710.45,-403.26 705.30,-404.49 701.09,-404.41 697.81,-403.04 695.47,-400.36 694.07,-396.39">
        <request index="0" response="0000" foes="0000" cont="0"/>
        <request index="1" response="0000" foes="0000" cont="0"/>
        <request index="2" response="0000" foes="0000" cont="0"/>
        <request index="3" response="0000" foes="0000" cont="0"/>
    </junction>
    <junction id="J36" type="dead_end" x="1300.00" y="-200.00" incLanes="E29_0 E29_1" intLanes="" shape="1300.00,-200.00 1302.02,-206.07 1300.00,-200.00"/>
    <junction id="J37" type="dead_end" x="1100.00" y="-500.00" incLanes="E30_0 E30_1" intLanes="" shape="1100.00,-500.00 1093.60,-500.00 1100.00,-500.00"/>
    <junction id="J38" type="priority" x="1600.00" y="-100.00" incLanes="E39_0 E39_1 E31_0 E31_1" intLanes=":J38_0_0 :J38_0_1 :J38_2_0 :J38_2_1" shape="1598.98,-93.60 1602.95,-105.77 1601.52,-106.21 1601.00,-106.32 1600.48,-106.37 1599.84,-106.40 1598.98,-106.40">
        <request index="0" response="0000" foes="0000" cont="0"/>
        <request index="1" response="0000" foes="0000" cont="0"/>
        <request index="2" response="0000" foes="0000" cont="0"/>
        <request index="3" response="0000" foes="0000" cont="0"/>
    </junction>
    <junction id="J39" type="dead_end" x="700.00" y="200.00" incLanes="E32_0 E32_1" intLanes="" shape="700.00,200.00 706.40,200.00 700.00,200.00"/>
    <junction id="J40" type="traffic_light" x="1300.00" y="100.00" incLanes="-E37_0 -E37_1 -E33_0 -E33_1 -E34_0 -E34_1" intLanes=":J40_0_0 :J40_0_1 :J40_8_0 :J40_3_0 :J40_4_0 :J40_5_0 :J40_6_0 :J40_6_1" shape="1310.40,106.40 1310.40,93.60 1308.18,93.16 1307.40,92.60 1306.84,91.82 1306.51,90.82 1306.40,89.60 1293.60,89.60 1293.50,91.62 1293.20,93.38 1292.71,94.88 1292.01,96.12 1291.12,97.11 1290.02,97.83 1295.75,109.28 1298.63,107.91 1300.85,107.05 1302.78,106.59 1304.77,106.41 1307.19,106.38">
        <request index="0" response="00000000" foes="00010000" cont="0"/>
        <request index="1" response="00000000" foes="00010000" cont="0"/>
        <request index="2" response="11000000" foes="11010000" cont="1"/>
        <request index="3" response="11000000" foes="11000000" cont="0"/>
        <request index="4" response="11000111" foes="11000111" cont="0"/>
        <request index="5" response="00000000" foes="00000000" cont="0"/>
        <request index="6" response="00000000" foes="00011100" cont="0"/>
        <request index="7" response="00000000" foes="00011100" cont="0"/>
    </junction>
    <junction id="J41" type="dead_end" x="1300.00" y="-400.00" incLanes="E33_0 E33_1" intLanes="" shape="1300.00,-400.00 1293.60,-400.00 1300.00,-400.00"/>
    <junction id="J42" type="dead_end" x="1600.00" y="300.00" incLanes="E35_0 E35_1" intLanes="" shape="1600.00,300.00 1600.00,293.60 1600.00,300.00"/>
    <junction id="J43" type="dead_end" x="1200.00" y="300.00" incLanes="E36_0 E36_1" intLanes="" shape="1200.00,300.00 1204.53,295.47 1200.00,300.00"/>
    <junction id="J44" type="priority" x="1600.00" y="100.00" incLanes="-E38_0 -E38_1 E37_0 E37_1" intLanes=":J44_0_0 :J44_0_1 :J44_2_0 :J44_2_1" shape="1603.54,105.48 1598.76,93.60 1598.76,106.40 1600.58,106.36 1601.22,106.28 1601.84,106.12 1602.57,105.86">
        <request index="0" response="0000" foes="0000" cont="0"/>
        <request index="1" response="0000" foes="0000" cont="0"/>
        <request index="2" response="0000" foes="0000" cont="0"/>
        <request index="3" response="0000" foes="0000" cont="0"/>
    </junction>
    <junction id="J45" type="priority" x="1700.00" y="0.00" incLanes="-E39_0 -E39_1 E38_0 E38_1" intLanes=":J45_0_0 :J45_0_1 :J45_2_0 :J45_2_1" shape="1705.38,-4.01 1693.30,0.23 1705.64,3.63 1706.30,0.81 1706.36,-0.22 1706.23,-1.24 1705.91,-2.45">
        <request index="0" response="0000" foes="0000" cont="0"/>
        <request index="1" response="0000" foes="0000" cont="0"/>
        <request index="2" response="0000" foes="0000" cont="0"/>
        <request index="3" response="0000" foes="0000" cont="0"/>
    </junction>
    <junction id="J5" type="priority" x="-100.00" y="-100.00" incLanes="E4_0 E4_1 -E5_0 -E5_1" intLanes=":J5_0_0 :J5_0_1 :J5_2_0 :J5_2_1" shape="-106.10,-97.79 -93.52,-100.18 -106.21,-101.87 -106.38,-100.36 -106.40,-99.83 -106.35,-99.29 -106.25,-98.65">
        <request index="0" response="0000" foes="0000" cont="0"/>
        <request index="1" response="0000" foes="0000" cont="0"/>
        <request index="2" response="0000" foes="0000" cont="0"/>
        <request index="3" response="0000" foes="0000" cont="0"/>
    </junction>
    <junction id="J6" type="traffic_light" x="0.00" y="-200.00" incLanes="-E19_0 -E19_1 E5_0 E5_1" intLanes=":J6_0_0 :J6_0_1 :J6_2_0 :J6_2_1" shape="0.24,-193.60 0.24,-206.40 -0.73,-206.36">
        <request index="0" response="0000" foes="0000" cont="0"/>
        <request index="1" response="0000" foes="0000" cont="0"/>
        <request index="2" response="0000" foes="0000" cont="0"/>
        <request index="3" response="0000" foes="0000" cont="0"/>
    </junction>
    <junction id="J8" type="priority" x="400.00" y="-200.00" incLanes="-E8_0 -E8_1 E19_0 E19_1" intLanes=":J8_0_0 :J8_0_1 :J8_2_0 :J8_2_1" shape="407.49,-202.80 395.21,-206.40 395.21,-193.60 398.21,-193.86 400.83,-194.62 403.07,-195.90 404.93,-197.69 406.40,-199.99">
        <request index="0" response="0000" foes="0000" cont="0"/>
        <request index="1" response="0000" foes="0000" cont="0"/>
        <request index="2" response="0000" foes="0000" cont="0"/>
        <request index="3" response="0000" foes="0000" cont="0"/>
    </junction>
    <junction id="J9" type="priority" x="500.00" y="-300.00" incLanes="-E9_0 -E9_1 E8_0 E8_1" intLanes=":J9_0_0 :J9_0_1 :J9_2_0 :J9_2_1" shape="505.74,-296.69 496.69,-305.74 500.01,-293.37 502.39,-294.09 503.19,-294.47 503.92,-294.98 504.72,-295.69">
        <request index="0" response="0000" foes="0000" cont="0"/>
        <request index="1" response="0000" foes="0000" cont="0"/>
        <request index="2" response="0000" foes="0000" cont="0"/>
        <request index="3" response="0000" foes="0000" cont="0"/>
    </junction>

    <junction id=":J15_9_0" type="internal" x="900.89" y="-300.12" incLanes=":J15_5_0 E26_0 E26_1" intLanes=":J15_1_0 :J15_1_1 :J15_8_0"/>
    <junction id=":J21_8_0" type="internal" x="699.11" y="-94.56" incLanes=":J21_2_0 -E28_0 -E28_1" intLanes=":J21_4_0 :J21_6_0 :J21_6_1"/>
    <junction id=":J22_8_0" type="internal" x="1105.44" y="-99.11" incLanes=":J22_2_0 E2_0 E2_1" intLanes=":J22_4_0 :J22_6_0 :J22_6_1"/>
    <junction id=":J34_8_0" type="internal" x="1104.89" y="206.14" incLanes=":J34_2_0 E27_0 E27_1" intLanes=":J34_4_0 :J34_6_0 :J34_6_1"/>
    <junction id=":J40_8_0" type="internal" x="1305.42" y="100.89" incLanes=":J40_2_0 -E34_0 -E34_1" intLanes=":J40_4_0 :J40_6_0 :J40_6_1"/>

    <connection from="-E0" to="E4" fromLane="0" toLane="0" via=":J0_0_0" tl="J0" linkIndex="0" dir="s" state="O"/>
    <connection from="-E0" to="E4" fromLane="1" toLane="1" via=":J0_0_1" tl="J0" linkIndex="1" dir="s" state="O"/>
    <connection from="-E10" to="-E9" fromLane="0" toLane="0" via=":J11_0_0" dir="s" state="M"/>
    <connection from="-E10" to="-E9" fromLane="1" toLane="1" via=":J11_0_1" dir="s" state="M"/>
    <connection from="-E11" to="-E10" fromLane="0" toLane="0" via=":J12_0_0" dir="r" state="M"/>
    <connection from="-E11" to="-E10" fromLane="1" toLane="1" via=":J12_0_1" dir="r" state="M"/>
    <connection from="-E12" to="-E11" fromLane="0" toLane="0" via=":J13_0_0" dir="s" state="M"/>
    <connection from="-E12" to="-E11" fromLane="1" toLane="1" via=":J13_0_1" dir="s" state="M"/>
    <connection from="-E13" to="-E12" fromLane="0" toLane="0" via=":J14_0_0" dir="s" state="M"/>
    <connection from="-E13" to="-E12" fromLane="1" toLane="1" via=":J14_0_1" dir="s" state="M"/>
    <connection from="-E14" to="-E13" fromLane="0" toLane="0" via=":J15_6_0" tl="J15" linkIndex="6" dir="s" state="o"/>
    <connection from="-E14" to="-E13" fromLane="1" toLane="1" via=":J15_6_1" tl="J15" linkIndex="7" dir="s" state="o"/>
    <connection from="-E14" to="-E26" fromLane="1" toLane="1" via=":J15_8_0" tl="J15" linkIndex="8" dir="l" state="o"/>
    <connection from="-E15" to="-E14" fromLane="0" toLane="0" via=":J16_0_0" dir="s" state="M"/>
    <connection from="-E15" to="-E14" fromLane="1" toLane="1" via=":J16_0_1" dir="s" state="M"/>
    <connection from="-E16" to="-E15" fromLane="0" toLane="0" via=":J17_2_0" dir="s" state="M"/>
    <connection from="-E16" to="-E15" fromLane="1" toLane="1" via=":J17_2_1" dir="s" state="M"/>
    <connection from="-E17" to="-E16" fromLane="0" toLane="0" via=":J18_2_0" dir="s" state="M"/>
    <connection from="-E17" to="-E16" fromLane="1" toLane="1" via=":J18_2_1" dir="s" state="M"/>
    <connection from="-E18" to="-E17" fromLane="0" toLane="0" via=":J19_2_0" dir="s" state="M"/>
    <connection from="-E18" to="-E17" fromLane="1" toLane="1" via=":J19_2_1" dir="s" state="M"/>
    <connection from="-E19" to="-E5" fromLane="0" toLane="0" via=":J6_0_0" tl="J6" linkIndex="0" dir="s" state="O"/>
    <connection from="-E19" to="-E5" fromLane="1" toLane="1" via=":J6_0_1" tl="J6" linkIndex="1" dir="s" state="O"/>
    <connection from="-E2" to="E32" fromLane="0" toLane="0" via=":J21_3_0" dir="r" state="m"/>
    <connection from="-E2" to="E28" fromLane="1" toLane="1" via=":J21_4_0" dir="l" state="m"/>
    <connection from="-E26" to="E35" fromLane="0" toLane="0" via=":J32_2_0" dir="r" state="M"/>
    <connection from="-E26" to="E35" fromLane="1" toLane="1" via=":J32_2_1" dir="r" state="M"/>
    <connection from="-E28" to="E2" fromLane="0" toLane="0" via=":J21_5_0" dir="r" state="M"/>
    <connection from="-E28" to="E32" fromLane="0" toLane="0" via=":J21_6_0" dir="s" state="M"/>
    <connection from="-E28" to="E32" fromLane="1" toLane="1" via=":J21_6_1" dir="s" state="M"/>
    <connection from="-E29" to="-E28" fromLane="0" toLane="0" via=":J35_2_0" dir="r" state="M"/>
    <connection from="-E29" to="-E28" fromLane="1" toLane="1" via=":J35_2_1" dir="r" state="M"/>
    <connection from="-E30" to="E31" fromLane="0" toLane="0" via=":J22_3_0" tl="J22" linkIndex="3" dir="r" state="o"/>
    <connection from="-E30" to="-E2" fromLane="1" toLane="1" via=":J22_4_0" tl="J22" linkIndex="4" dir="l" state="o"/>
    <connection from="-E31" to="-E2" fromLane="0" toLane="0" via=":J22_0_0" tl="J22" linkIndex="0" dir="s" state="O"/>
    <connection from="-E31" to="-E2" fromLane="1" toLane="1" via=":J22_0_1" tl="J22" linkIndex="1" dir="s" state="O"/>
    <connection from="-E31" to="E30" fromLane="1" toLane="1" via=":J22_2_0" tl="J22" linkIndex="2" dir="l" state="o"/>
    <connection from="-E32" to="E28" fromLane="0" toLane="0" via=":J21_0_0" dir="s" state="M"/>
    <connection from="-E32" to="E28" fromLane="1" toLane="1" via=":J21_0_1" dir="s" state="M"/>
    <connection from="-E32" to="E2" fromLane="1" toLane="1" via=":J21_2_0" dir="l" state="m"/>
    <connection from="-E33" to="E37" fromLane="0" toLane="0" via=":J40_3_0" tl="J40" linkIndex="3" dir="r" state="o"/>
    <connection from="-E33" to="E34" fromLane="1" toLane="1" via=":J40_4_0" tl="J40" linkIndex="4" dir="l" state="o"/>
    <connection from="-E34" to="E33" fromLane="0" toLane="0" via=":J40_5_0" tl="J40" linkIndex="5" dir="r" state="O"/>
    <connection from="-E34" to="E37" fromLane="0" toLane="0" via=":J40_6_0" tl="J40" linkIndex="6" dir="s" state="O"/>
    <connection from="-E34" to="E37" fromLane="1" toLane="1" via=":J40_6_1" tl="J40" linkIndex="7" dir="s" state="O"/>
    <connection from="-E35" to="E26" fromLane="0" toLane="0" via=":J32_0_0" dir="l" state="M"/>
    <connection from="-E35" to="E26" fromLane="1" toLane="1" via=":J32_0_1" dir="l" state="M"/>
    <connection from="-E36" to="-E27" fromLane="0" toLane="0" via=":J34_0_0" dir="s" state="M"/>
    <connection from="-E36" to="-E27" fromLane="1" toLane="1" via=":J34_0_1" dir="s" state="M"/>
    <connection from="-E36" to="-E34" fromLane="1" toLane="1" via=":J34_2_0" dir="l" state="m"/>
    <connection from="-E37" to="E34" fromLane="0" toLane="0" via=":J40_0_0" tl="J40" linkIndex="0" dir="s" state="O"/>
    <connection from="-E37" to="E34" fromLane="1" toLane="1" via=":J40_0_1" tl="J40" linkIndex="1" dir="s" state="O"/>
    <connection from="-E37" to="E33" fromLane="1" toLane="1" via=":J40_2_0" tl="J40" linkIndex="2" dir="l" state="o"/>
    <connection from="-E38" to="-E37" fromLane="0" toLane="0" via=":J44_0_0" dir="s" state="M"/>
    <connection from="-E38" to="-E37" fromLane="1" toLane="1" via=":J44_0_1" dir="s" state="M"/>
    <connection from="-E39" to="-E38" fromLane="0" toLane="0" via=":J45_0_0" dir="s" state="M"/>
    <connection from="-E39" to="-E38" fromLane="1" toLane="1" via=":J45_0_1" dir="s" state="M"/>
    <connection from="-E4" to="E0" fromLane="0" toLane="0" via=":J0_2_0" tl="J0" linkIndex="2" dir="s" state="O"/>
    <connection from="-E4" to="E0" fromLane="1" toLane="1" via=":J0_2_1" tl="J0" linkIndex="3" dir="s" state="O"/>
    <connection from="-E5" to="-E4" fromLane="0" toLane="0" via=":J5_2_0" dir="s" state="M"/>
    <connection from="-E5" to="-E4" fromLane="1" toLane="1" via=":J5_2_1" dir="s" state="M"/>
    <connection from="-E8" to="-E19" fromLane="0" toLane="0" via=":J8_0_0" dir="l" state="M"/>
    <connection from="-E8" to="-E19" fromLane="1" toLane="1" via=":J8_0_1" dir="l" state="M"/>
    <connection from="-E9" to="-E8" fromLane="0" toLane="0" via=":J9_0_0" dir="s" state="M"/>
    <connection from="-E9" to="-E8" fromLane="1" toLane="1" via=":J9_0_1" dir="s" state="M"/>
    <connection from="E0" to="-E18" fromLane="0" toLane="0" via=":J1_2_0" dir="s" state="M"/>
    <connection from="E0" to="-E18" fromLane="1" toLane="1" via=":J1_2_1" dir="s" state="M"/>
    <connection from="E10" to="E11" fromLane="0" toLane="0" via=":J12_2_0" dir="l" state="M"/>
    <connection from="E10" to="E11" fromLane="1" toLane="1" via=":J12_2_1" dir="l" state="M"/>
    <connection from="E11" to="E12" fromLane="0" toLane="0" via=":J13_2_0" dir="s" state="M"/>
    <connection from="E11" to="E12" fromLane="1" toLane="1" via=":J13_2_1" dir="s" state="M"/>
    <connection from="E12" to="E13" fromLane="0" toLane="0" via=":J14_2_0" dir="s" state="M"/>
    <connection from="E12" to="E13" fromLane="1" toLane="1" via=":J14_2_1" dir="s" state="M"/>
    <connection from="E13" to="-E26" fromLane="0" toLane="0" via=":J15_3_0" tl="J15" linkIndex="3" dir="s" state="O"/>
    <connection from="E13" to="-E26" fromLane="1" toLane="1" via=":J15_3_1" tl="J15" linkIndex="4" dir="s" state="O"/>
    <connection from="E13" to="E14" fromLane="1" toLane="1" via=":J15_5_0" tl="J15" linkIndex="5" dir="L" state="o"/>
    <connection from="E14" to="E15" fromLane="0" toLane="0" via=":J16_2_0" dir="s" state="M"/>
    <connection from="E14" to="E15" fromLane="1" toLane="1" via=":J16_2_1" dir="s" state="M"/>
    <connection from="E15" to="E16" fromLane="0" toLane="0" via=":J17_0_0" dir="s" state="M"/>
    <connection from="E15" to="E16" fromLane="1" toLane="1" via=":J17_0_1" dir="s" state="M"/>
    <connection from="E16" to="E17" fromLane="0" toLane="0" via=":J18_0_0" dir="s" state="M"/>
    <connection from="E16" to="E17" fromLane="1" toLane="1" via=":J18_0_1" dir="s" state="M"/>
    <connection from="E17" to="E18" fromLane="0" toLane="0" via=":J19_0_0" dir="s" state="M"/>
    <connection from="E17" to="E18" fromLane="1" toLane="1" via=":J19_0_1" dir="s" state="M"/>
    <connection from="E18" to="-E0" fromLane="0" toLane="0" via=":J1_0_0" dir="s" state="M"/>
    <connection from="E18" to="-E0" fromLane="1" toLane="1" via=":J1_0_1" dir="s" state="M"/>
    <connection from="E19" to="E8" fromLane="0" toLane="0" via=":J8_2_0" dir="r" state="M"/>
    <connection from="E19" to="E8" fromLane="1" toLane="1" via=":J8_2_1" dir="r" state="M"/>
    <connection from="E2" to="E30" fromLane="0" toLane="0" via=":J22_5_0" tl="J22" linkIndex="5" dir="r" state="O"/>
    <connection from="E2" to="E31" fromLane="0" toLane="0" via=":J22_6_0" tl="J22" linkIndex="6" dir="s" state="O"/>
    <connection from="E2" to="E31" fromLane="1" toLane="1" via=":J22_6_1" tl="J22" linkIndex="7" dir="s" state="O"/>
    <connection from="E26" to="E14" fromLane="0" toLane="0" via=":J15_0_0" tl="J15" linkIndex="0" dir="r" state="O"/>
    <connection from="E26" to="-E13" fromLane="0" toLane="0" via=":J15_1_0" tl="J15" linkIndex="1" dir="s" state="O"/>
    <connection from="E26" to="-E13" fromLane="1" toLane="1" via=":J15_1_1" tl="J15" linkIndex="2" dir="s" state="O"/>
    <connection from="E27" to="-E34" fromLane="0" toLane="0" via=":J34_5_0" dir="r" state="M"/>
    <connection from="E27" to="E36" fromLane="0" toLane="0" via=":J34_6_0" dir="s" state="M"/>
    <connection from="E27" to="E36" fromLane="1" toLane="1" via=":J34_6_1" dir="s" state="M"/>
    <connection from="E28" to="E29" fromLane="0" toLane="0" via=":J35_0_0" dir="l" state="M"/>
    <connection from="E28" to="E29" fromLane="1" toLane="1" via=":J35_0_1" dir="l" state="M"/>
    <connection from="E31" to="-E39" fromLane="0" toLane="0" via=":J38_2_0" dir="s" state="M"/>
    <connection from="E31" to="-E39" fromLane="1" toLane="1" via=":J38_2_1" dir="s" state="M"/>
    <connection from="E34" to="E36" fromLane="0" toLane="0" via=":J34_3_0" dir="r" state="m"/>
    <connection from="E34" to="-E27" fromLane="1" toLane="1" via=":J34_4_0" dir="l" state="m"/>
    <connection from="E37" to="E38" fromLane="0" toLane="0" via=":J44_2_0" dir="s" state="M"/>
    <connection from="E37" to="E38" fromLane="1" toLane="1" via=":J44_2_1" dir="s" state="M"/>
    <connection from="E38" to="E39" fromLane="0" toLane="0" via=":J45_2_0" dir="s" state="M"/>
    <connection from="E38" to="E39" fromLane="1" toLane="1" via=":J45_2_1" dir="s" state="M"/>
    <connection from="E39" to="-E31" fromLane="0" toLane="0" via=":J38_0_0" dir="s" state="M"/>
    <connection from="E39" to="-E31" fromLane="1" toLane="1" via=":J38_0_1" dir="s" state="M"/>
    <connection from="E4" to="E5" fromLane="0" toLane="0" via=":J5_0_0" dir="s" state="M"/>
    <connection from="E4" to="E5" fromLane="1" toLane="1" via=":J5_0_1" dir="s" state="M"/>
    <connection from="E5" to="E19" fromLane="0" toLane="0" via=":J6_2_0" tl="J6" linkIndex="2" dir="s" state="O"/>
    <connection from="E5" to="E19" fromLane="1" toLane="1" via=":J6_2_1" tl="J6" linkIndex="3" dir="s" state="O"/>
    <connection from="E8" to="E9" fromLane="0" toLane="0" via=":J9_2_0" dir="s" state="M"/>
    <connection from="E8" to="E9" fromLane="1" toLane="1" via=":J9_2_1" dir="s" state="M"/>
    <connection from="E9" to="E10" fromLane="0" toLane="0" via=":J11_2_0" dir="s" state="M"/>
    <connection from="E9" to="E10" fromLane="1" toLane="1" via=":J11_2_1" dir="s" state="M"/>

    <connection from=":J0_0" to="E4" fromLane="0" toLane="0" dir="s" state="M"/>
    <connection from=":J0_0" to="E4" fromLane="1" toLane="1" dir="s" state="M"/>
    <connection from=":J0_2" to="E0" fromLane="0" toLane="0" dir="s" state="M"/>
    <connection from=":J0_2" to="E0" fromLane="1" toLane="1" dir="s" state="M"/>
    <connection from=":J1_0" to="-E0" fromLane="0" toLane="0" dir="s" state="M"/>
    <connection from=":J1_0" to="-E0" fromLane="1" toLane="1" dir="s" state="M"/>
    <connection from=":J1_2" to="-E18" fromLane="0" toLane="0" dir="s" state="M"/>
    <connection from=":J1_2" to="-E18" fromLane="1" toLane="1" dir="s" state="M"/>
    <connection from=":J11_0" to="-E9" fromLane="0" toLane="0" dir="s" state="M"/>
    <connection from=":J11_0" to="-E9" fromLane="1" toLane="1" dir="s" state="M"/>
    <connection from=":J11_2" to="E10" fromLane="0" toLane="0" dir="s" state="M"/>
    <connection from=":J11_2" to="E10" fromLane="1" toLane="1" dir="s" state="M"/>
    <connection from=":J12_0" to="-E10" fromLane="0" toLane="0" dir="r" state="M"/>
    <connection from=":J12_0" to="-E10" fromLane="1" toLane="1" dir="r" state="M"/>
    <connection from=":J12_2" to="E11" fromLane="0" toLane="0" dir="l" state="M"/>
    <connection from=":J12_2" to="E11" fromLane="1" toLane="1" dir="l" state="M"/>
    <connection from=":J13_0" to="-E11" fromLane="0" toLane="0" dir="s" state="M"/>
    <connection from=":J13_0" to="-E11" fromLane="1" toLane="1" dir="s" state="M"/>
    <connection from=":J13_2" to="E12" fromLane="0" toLane="0" dir="s" state="M"/>
    <connection from=":J13_2" to="E12" fromLane="1" toLane="1" dir="s" state="M"/>
    <connection from=":J14_0" to="-E12" fromLane="0" toLane="0" dir="s" state="M"/>
    <connection from=":J14_0" to="-E12" fromLane="1" toLane="1" dir="s" state="M"/>
    <connection from=":J14_2" to="E13" fromLane="0" toLane="0" dir="s" state="M"/>
    <connection from=":J14_2" to="E13" fromLane="1" toLane="1" dir="s" state="M"/>
    <connection from=":J15_0" to="E14" fromLane="0" toLane="0" dir="r" state="M"/>
    <connection from=":J15_1" to="-E13" fromLane="0" toLane="0" dir="s" state="M"/>
    <connection from=":J15_1" to="-E13" fromLane="1" toLane="1" dir="s" state="M"/>
    <connection from=":J15_3" to="-E26" fromLane="0" toLane="0" dir="s" state="M"/>
    <connection from=":J15_3" to="-E26" fromLane="1" toLane="1" dir="s" state="M"/>
    <connection from=":J15_5" to="E14" fromLane="0" toLane="1" via=":J15_9_0" dir="L" state="m"/>
    <connection from=":J15_9" to="E14" fromLane="0" toLane="1" dir="L" state="M"/>
    <connection from=":J15_6" to="-E13" fromLane="0" toLane="0" dir="s" state="M"/>
    <connection from=":J15_6" to="-E13" fromLane="1" toLane="1" dir="s" state="M"/>
    <connection from=":J15_8" to="-E26" fromLane="0" toLane="1" dir="l" state="M"/>
    <connection from=":J16_0" to="-E14" fromLane="0" toLane="0" dir="s" state="M"/>
    <connection from=":J16_0" to="-E14" fromLane="1" toLane="1" dir="s" state="M"/>
    <connection from=":J16_2" to="E15" fromLane="0" toLane="0" dir="s" state="M"/>
    <connection from=":J16_2" to="E15" fromLane="1" toLane="1" dir="s" state="M"/>
    <connection from=":J17_0" to="E16" fromLane="0" toLane="0" dir="s" state="M"/>
    <connection from=":J17_0" to="E16" fromLane="1" toLane="1" dir="s" state="M"/>
    <connection from=":J17_2" to="-E15" fromLane="0" toLane="0" dir="s" state="M"/>
    <connection from=":J17_2" to="-E15" fromLane="1" toLane="1" dir="s" state="M"/>
    <connection from=":J18_0" to="E17" fromLane="0" toLane="0" dir="s" state="M"/>
    <connection from=":J18_0" to="E17" fromLane="1" toLane="1" dir="s" state="M"/>
    <connection from=":J18_2" to="-E16" fromLane="0" toLane="0" dir="s" state="M"/>
    <connection from=":J18_2" to="-E16" fromLane="1" toLane="1" dir="s" state="M"/>
    <connection from=":J19_0" to="E18" fromLane="0" toLane="0" dir="s" state="M"/>
    <connection from=":J19_0" to="E18" fromLane="1" toLane="1" dir="s" state="M"/>
    <connection from=":J19_2" to="-E17" fromLane="0" toLane="0" dir="s" state="M"/>
    <connection from=":J19_2" to="-E17" fromLane="1" toLane="1" dir="s" state="M"/>
    <connection from=":J21_0" to="E28" fromLane="0" toLane="0" dir="s" state="M"/>
    <connection from=":J21_0" to="E28" fromLane="1" toLane="1" dir="s" state="M"/>
    <connection from=":J21_2" to="E2" fromLane="0" toLane="1" via=":J21_8_0" dir="l" state="m"/>
    <connection from=":J21_8" to="E2" fromLane="0" toLane="1" dir="l" state="M"/>
    <connection from=":J21_3" to="E32" fromLane="0" toLane="0" dir="r" state="M"/>
    <connection from=":J21_4" to="E28" fromLane="0" toLane="1" dir="l" state="M"/>
    <connection from=":J21_5" to="E2" fromLane="0" toLane="0" dir="r" state="M"/>
    <connection from=":J21_6" to="E32" fromLane="0" toLane="0" dir="s" state="M"/>
    <connection from=":J21_6" to="E32" fromLane="1" toLane="1" dir="s" state="M"/>
    <connection from=":J22_0" to="-E2" fromLane="0" toLane="0" dir="s" state="M"/>
    <connection from=":J22_0" to="-E2" fromLane="1" toLane="1" dir="s" state="M"/>
    <connection from=":J22_2" to="E30" fromLane="0" toLane="1" via=":J22_8_0" dir="l" state="m"/>
    <connection from=":J22_8" to="E30" fromLane="0" toLane="1" dir="l" state="M"/>
    <connection from=":J22_3" to="E31" fromLane="0" toLane="0" dir="r" state="M"/>
    <connection from=":J22_4" to="-E2" fromLane="0" toLane="1" dir="l" state="M"/>
    <connection from=":J22_5" to="E30" fromLane="0" toLane="0" dir="r" state="M"/>
    <connection from=":J22_6" to="E31" fromLane="0" toLane="0" dir="s" state="M"/>
    <connection from=":J22_6" to="E31" fromLane="1" toLane="1" dir="s" state="M"/>
    <connection from=":J32_0" to="E26" fromLane="0" toLane="0" dir="l" state="M"/>
    <connection from=":J32_0" to="E26" fromLane="1" toLane="1" dir="l" state="M"/>
    <connection from=":J32_2" to="E35" fromLane="0" toLane="0" dir="r" state="M"/>
    <connection from=":J32_2" to="E35" fromLane="1" toLane="1" dir="r" state="M"/>
    <connection from=":J34_0" to="-E27" fromLane="0" toLane="0" dir="s" state="M"/>
    <connection from=":J34_0" to="-E27" fromLane="1" toLane="1" dir="s" state="M"/>
    <connection from=":J34_2" to="-E34" fromLane="0" toLane="1" via=":J34_8_0" dir="l" state="m"/>
    <connection from=":J34_8" to="-E34" fromLane="0" toLane="1" dir="l" state="M"/>
    <connection from=":J34_3" to="E36" fromLane="0" toLane="0" dir="r" state="M"/>
    <connection from=":J34_4" to="-E27" fromLane="0" toLane="1" dir="l" state="M"/>
    <connection from=":J34_5" to="-E34" fromLane="0" toLane="0" dir="r" state="M"/>
    <connection from=":J34_6" to="E36" fromLane="0" toLane="0" dir="s" state="M"/>
    <connection from=":J34_6" to="E36" fromLane="1" toLane="1" dir="s" state="M"/>
    <connection from=":J35_0" to="E29" fromLane="0" toLane="0" dir="l" state="M"/>
    <connection from=":J35_0" to="E29" fromLane="1" toLane="1" dir="l" state="M"/>
    <connection from=":J35_2" to="-E28" fromLane="0" toLane="0" dir="r" state="M"/>
    <connection from=":J35_2" to="-E28" fromLane="1" toLane="1" dir="r" state="M"/>
    <connection from=":J38_0" to="-E31" fromLane="0" toLane="0" dir="s" state="M"/>
    <connection from=":J38_0" to="-E31" fromLane="1" toLane="1" dir="s" state="M"/>
    <connection from=":J38_2" to="-E39" fromLane="0" toLane="0" dir="s" state="M"/>
    <connection from=":J38_2" to="-E39" fromLane="1" toLane="1" dir="s" state="M"/>
    <connection from=":J40_0" to="E34" fromLane="0" toLane="0" dir="s" state="M"/>
    <connection from=":J40_0" to="E34" fromLane="1" toLane="1" dir="s" state="M"/>
    <connection from=":J40_2" to="E33" fromLane="0" toLane="1" via=":J40_8_0" dir="l" state="m"/>
    <connection from=":J40_8" to="E33" fromLane="0" toLane="1" dir="l" state="M"/>
    <connection from=":J40_3" to="E37" fromLane="0" toLane="0" dir="r" state="M"/>
    <connection from=":J40_4" to="E34" fromLane="0" toLane="1" dir="l" state="M"/>
    <connection from=":J40_5" to="E33" fromLane="0" toLane="0" dir="r" state="M"/>
    <connection from=":J40_6" to="E37" fromLane="0" toLane="0" dir="s" state="M"/>
    <connection from=":J40_6" to="E37" fromLane="1" toLane="1" dir="s" state="M"/>
    <connection from=":J44_0" to="-E37" fromLane="0" toLane="0" dir="s" state="M"/>
    <connection from=":J44_0" to="-E37" fromLane="1" toLane="1" dir="s" state="M"/>
    <connection from=":J44_2" to="E38" fromLane="0" toLane="0" dir="s" state="M"/>
    <connection from=":J44_2" to="E38" fromLane="1" toLane="1" dir="s" state="M"/>
    <connection from=":J45_0" to="-E38" fromLane="0" toLane="0" dir="s" state="M"/>
    <connection from=":J45_0" to="-E38" fromLane="1" toLane="1" dir="s" state="M"/>
    <connection from=":J45_2" to="E39" fromLane="0" toLane="0" dir="s" state="M"/>
    <connection from=":J45_2" to="E39" fromLane="1" toLane="1" dir="s" state="M"/>
    <connection from=":J5_0" to="E5" fromLane="0" toLane="0" dir="s" state="M"/>
    <connection from=":J5_0" to="E5" fromLane="1" toLane="1" dir="s" state="M"/>
    <connection from=":J5_2" to="-E4" fromLane="0" toLane="0" dir="s" state="M"/>
    <connection from=":J5_2" to="-E4" fromLane="1" toLane="1" dir="s" state="M"/>
    <connection from=":J6_0" to="-E5" fromLane="0" toLane="0" dir="s" state="M"/>
    <connection from=":J6_0" to="-E5" fromLane="1" toLane="1" dir="s" state="M"/>
    <connection from=":J6_2" to="E19" fromLane="0" toLane="0" dir="s" state="M"/>
    <connection from=":J6_2" to="E19" fromLane="1" toLane="1" dir="s" state="M"/>
    <connection from=":J8_0" to="-E19" fromLane="0" toLane="0" dir="l" state="M"/>
    <connection from=":J8_0" to="-E19" fromLane="1" toLane="1" dir="l" state="M"/>
    <connection from=":J8_2" to="E8" fromLane="0" toLane="0" dir="r" state="M"/>
    <connection from=":J8_2" to="E8" fromLane="1" toLane="1" dir="r" state="M"/>
    <connection from=":J9_0" to="-E8" fromLane="0" toLane="0" dir="s" state="M"/>
    <connection from=":J9_0" to="-E8" fromLane="1" toLane="1" dir="s" state="M"/>
    <connection from=":J9_2" to="E9" fromLane="0" toLane="0" dir="s" state="M"/>
    <connection from=":J9_2" to="E9" fromLane="1" toLane="1" dir="s" state="M"/>

</net>
